{
    "dataset": "Houston",
    "train_num": 20,
    "num_experiments": 10,
    "seeds": [
        1,
        2,
        3,
        4,
        5,
        6,
        7,
        8,
        9,
        10
    ],
    "OAs": [
        0.9635190217391305,
        0.9453125,
        0.9425271739130436,
        0.9416440217391304,
        0.9429347826086957,
        0.9547554347826087,
        0.9455842391304347,
        0.9514945652173913,
        0.9470108695652173,
        0.9277853260869565
    ],
    "AAs": [
        0.9696324741260102,
        0.9509798876749431,
        0.9515530009662198,
        0.9519005351142631,
        0.9531624304784799,
        0.9622804432450426,
        0.9549818939002321,
        0.9543422027679628,
        0.9554156671938155,
        0.940413182736756
    ],
    "Kappas": [
        0.9605596119966807,
        0.9408701848311216,
        0.9378473816511607,
        0.9369082283585951,
        0.938288104902955,
        0.9510784198530018,
        0.9411623504733574,
        0.9475444461982179,
        0.9427038035006341,
        0.921934347233842
    ],
    "EachAccs": [
        [
            0.9788789601949633,
            0.986223662884927,
            1.0,
            0.9975490196078431,
            0.9975450081833059,
            0.9901639344262295,
            0.9911858974358975,
            0.8917145200984413,
            0.8774350649350651,
            0.9602319801159901,
            0.9182493806771264,
            0.9686727122835944,
            0.9866369710467705,
            1.0,
            1.0
        ],
        [
            0.9496344435418359,
            0.993517017828201,
            0.9985228951255539,
            0.9983660130718954,
            0.9918166939443536,
            0.9344262295081969,
            0.9158653846153846,
            0.8802296964725184,
            0.8433441558441559,
            0.9552609776304888,
            0.9686209744013212,
            0.8796372629843363,
            0.9554565701559021,
            1.0,
            1.0
        ],
        [
            0.8537774167343624,
            0.9951377633711506,
            0.9985228951255539,
            0.9983660130718954,
            0.9967266775777414,
            1.0,
            0.9727564102564102,
            0.793273174733388,
            0.9017857142857143,
            0.9610604805302403,
            0.9421965317919075,
            0.9167353668590272,
            0.9554565701559021,
            1.0,
            0.9875
        ],
        [
            0.9788789601949633,
            0.986223662884927,
            1.0,
            1.0,
            0.9803600654664486,
            1.0,
            0.969551282051282,
            0.7301066447908121,
            0.8579545454545454,
            0.971830985915493,
            0.9446738232865399,
            0.887881286067601,
            0.9710467706013363,
            1.0,
            1.0
        ],
        [
            0.9220146222583265,
            0.9756888168557536,
            0.9985228951255539,
            0.9983660130718954,
            0.9909983633387889,
            1.0,
            0.953525641025641,
            0.9163248564397047,
            0.8222402597402598,
            0.9295774647887324,
            0.9653179190751444,
            0.8540807914262161,
            0.9910913140311804,
            1.0,
            0.9796875
        ],
        [
            0.9796913078797725,
            0.9878444084278768,
            1.0,
            0.9926470588235294,
            0.9729950900163666,
            0.9901639344262295,
            0.9286858974358975,
            0.9244663382594418,
            0.913961038961039,
            0.9768019884009942,
            0.9645214521452146,
            0.8285243198680956,
            0.9910913140311804,
            1.0,
            0.9828125
        ],
        [
            0.8992688870836719,
            0.9991896272285251,
            1.0,
            1.0,
            0.9803600654664486,
            0.9803278688524589,
            0.9807692307692306,
            0.7998359310910582,
            0.8490259740259741,
            0.9776304888152444,
            0.9744013212221305,
            0.8928276999175597,
            0.9910913140311804,
            1.0,
            1.0
        ],
        [
            0.9699431356620632,
            0.986223662884927,
            1.0,
            0.9991830065359477,
            0.9959083469721768,
            0.8885245901639345,
            0.9511217948717949,
            0.8334700574241183,
            0.9058441558441559,
            0.9337199668599834,
            0.9587118084227911,
            0.9192085737840066,
            0.9732739420935412,
            1.0,
            1.0
        ],
        [
            0.9878147847278637,
            0.9967585089141004,
            1.0,
            0.9403594771241831,
            0.9893617021276596,
            0.9770491803278688,
            0.9342948717948718,
            0.9105090311986863,
            0.8831168831168832,
            0.984258492129246,
            0.9240924092409241,
            0.8252267106347898,
            0.9799554565701559,
            1.0,
            0.9984375
        ],
        [
            0.9268887083671813,
            0.8962722852512157,
            0.9881831610044313,
            0.9975490196078431,
            0.9991816693944354,
            0.9901639344262295,
            0.9727564102564102,
            0.8671041837571781,
            0.8246753246753247,
            0.9585749792874897,
            0.9380677126341866,
            0.7650453421269581,
            0.9866369710467705,
            0.9950980392156863,
            1.0
        ]
    ],
    "Train_times": [
        8.4184575,
        7.659399200000003,
        7.582344499999998,
        12.764291999999998,
        10.669048700000005,
        11.743120899999994,
        10.528376500000007,
        10.069918700000002,
        10.163156800000024,
        10.119206100000014
    ],
    "Test_times": [
        0.5044112000000034,
        0.4882978999999992,
        0.5021680999999987,
        0.9276832999999911,
        0.5473886999999991,
        0.7268550999999945,
        0.6115400000000051,
        0.602559599999978,
        0.6591750000000047,
        0.7422760000000039
    ],
    "OA_mean": 0.9462567934782609,
    "OA_std": 0.008871171966738405,
    "AA_mean": 0.9544661718203725,
    "AA_std": 0.007201888082474645,
    "Kappa_mean": 0.9418896878999566,
    "Kappa_std": 0.009589309373991035,
    "Train_time_mean": 9.971732090000005,
    "Test_time_mean": 0.6312354899999978,
    "Avg_EachAcc": [
        0.9446791226645004,
        0.9803079416531604,
        0.9983751846381091,
        0.9922385620915032,
        0.9895253682487726,
        0.9750819672131149,
        0.9570512820512821,
        0.8547034434265347,
        0.8679383116883118,
        0.9608947804473902,
        0.9498853332897286,
        0.8737840065952185,
        0.978173719376392,
        0.9995098039215687,
        0.9948437499999999
    ],
    "Std_EachAcc": [
        0.0415259073870747,
        0.028751792960233103,
        0.0034609673600768187,
        0.01740502903387525,
        0.00835979887994898,
        0.034236793395951745,
        0.023331484147632548,
        0.06059113148681573,
        0.031691309637034135,
        0.01719133368595584,
        0.018369505562898295,
        0.0548874278375412,
        0.013243713806074352,
        0.0014705882352941124,
        0.00775132297175778
    ]
}