{
    "dataset": "Muufl",
    "train_num": 20,
    "num_experiments": 10,
    "seeds": [
        1,
        2,
        3,
        4,
        5,
        6,
        7,
        8,
        9,
        10
    ],
    "OAs": [
        0.837312874251497,
        0.8508046407185629,
        0.8696107784431137,
        0.8431137724550898,
        0.8527320359281437,
        0.864558383233533,
        0.8519086826347305,
        0.8244386227544909,
        0.8343562874251497,
        0.8478667664670658
    ],
    "AAs": [
        0.8573892656204098,
        0.8511486284963096,
        0.8690426807110702,
        0.8583711893999202,
        0.8519162664319389,
        0.8606213308413292,
        0.8593778955574206,
        0.832274356368995,
        0.8691162322189814,
        0.8659653440267223
    ],
    "Kappas": [
        0.7917909298703879,
        0.8077865355368838,
        0.8304969170281302,
        0.7988083860801248,
        0.8102121157609904,
        0.8247256741657545,
        0.809532111321088,
        0.7758373688303223,
        0.7891157075964236,
        0.8038525810823348
    ],
    "EachAccs": [
        [
            0.8559803668302765,
            0.8002352941176469,
            0.6798309530749053,
            0.9005059021922428,
            0.8218089095545222,
            0.9955156950672646,
            0.8671486669679169,
            0.9536977491961415,
            0.7684981684981687,
            0.8282208588957054,
            0.9598393574297188
        ],
        [
            0.8794885042624645,
            0.8190588235294117,
            0.676041970271058,
            0.8274311410905003,
            0.8743062846857658,
            1.0,
            0.8133755083596926,
            0.9681672025723472,
            0.7164835164835165,
            0.8404907975460122,
            0.9477911646586346
        ],
        [
            0.9104451907345217,
            0.796235294117647,
            0.7381229962110172,
            0.894884766722878,
            0.8437078146092696,
            1.0,
            0.7830998644374154,
            0.9773311897106108,
            0.7435897435897436,
            0.9202453987730062,
            0.9518072289156626
        ],
        [
            0.8682080427107551,
            0.7625882352941177,
            0.7092684348586418,
            0.9089376053962901,
            0.815659217039148,
            0.9641255605381166,
            0.9439674649796657,
            0.9503215434083602,
            0.6695970695970694,
            0.8895705521472392,
            0.9598393574297188
        ],
        [
            0.8871953844829072,
            0.7649411764705882,
            0.6976100262314194,
            0.8111298482293424,
            0.8527073646317684,
            1.0,
            0.9091730682331677,
            0.9617363344051448,
            0.7216117216117216,
            0.7730061349693251,
            0.9919678714859438
        ],
        [
            0.8986480668216654,
            0.8364705882352941,
            0.7073739434567181,
            0.8583473861720069,
            0.8872056397180141,
            1.0,
            0.8716674197921374,
            0.9463022508038585,
            0.608058608058608,
            0.852760736196319,
            1.0
        ],
        [
            0.8743218806509945,
            0.8141176470588235,
            0.6747303993004955,
            0.8976953344575604,
            0.8807559622018899,
            1.0,
            0.8264798915499321,
            0.9736334405144694,
            0.6967032967032967,
            0.8588957055214724,
            0.9558232931726907
        ],
        [
            0.8500818048738483,
            0.792,
            0.7387059166423782,
            0.8302417088251827,
            0.8020098995050248,
            0.9977578475336323,
            0.9014911884319927,
            0.8704180064308682,
            0.6087912087912087,
            0.803680981595092,
            0.9598393574297188
        ],
        [
            0.8434943597692243,
            0.7329411764705882,
            0.7368114252404547,
            0.8825182686902754,
            0.8165591720413979,
            1.0,
            0.9245368278355174,
            0.9503215434083602,
            0.7384615384615385,
            0.9386503067484662,
            0.9959839357429717
        ],
        [
            0.8942994919486782,
            0.72,
            0.6871174584669193,
            0.9612141652613828,
            0.8192590370481476,
            0.9977578475336323,
            0.8834161771351107,
            0.9395498392282958,
            0.6945054945054945,
            0.9325153374233127,
            0.9959839357429717
        ]
    ],
    "Train_times": [
        21.367871400000002,
        18.43015460000001,
        18.721753300000003,
        18.9849677,
        18.447064200000014,
        18.345637399999987,
        18.969081399999993,
        21.867358699999983,
        20.09350889999999,
        19.03130730000001
    ],
    "Test_times": [
        3.287477199999998,
        3.2590715999999986,
        3.8505167,
        3.2209442000000053,
        3.249384599999985,
        3.289291300000002,
        3.523854199999988,
        4.145939300000009,
        3.3989689,
        3.7816698000000315
    ],
    "OA_mean": 0.8476702844311378,
    "OA_std": 0.01290368810951535,
    "AA_mean": 0.8575223189673098,
    "AA_std": 0.010303974598402169,
    "Kappa_mean": 0.8042158327272441,
    "Kappa_std": 0.015509412525439716,
    "Train_time_mean": 19.42587049,
    "Test_time_mean": 3.500711780000002,
    "Avg_EachAcc": [
        0.8762163093085334,
        0.7838588235294117,
        0.7045613523754007,
        0.8772906127037661,
        0.841397930103495,
        0.9955156950672647,
        0.8724356077722548,
        0.9491479099678457,
        0.6966300366300366,
        0.8638036809815951,
        0.9718875502008032
    ],
    "Std_EachAcc": [
        0.020890193345737194,
        0.03590424790050666,
        0.024555678846673253,
        0.04332728776651123,
        0.0292716964769119,
        0.010564321963578243,
        0.04873933164181075,
        0.028698631850747402,
        0.051414220052839556,
        0.052903217514871384,
        0.020080321285140545
    ]
}