{
    "dataset": "Muufl",
    "train_num": 20,
    "num_experiments": 10,
    "seeds": [
        1,
        2,
        3,
        4,
        5,
        6,
        7,
        8,
        9,
        10
    ],
    "OAs": [
        0.8473989520958084,
        0.8549775449101795,
        0.8634730538922155,
        0.8393899700598803,
        0.8542103293413174,
        0.8696669161676647,
        0.848933383233533,
        0.8413173652694611,
        0.8408495508982036,
        0.8480538922155688
    ],
    "AAs": [
        0.8595233941819059,
        0.8518050317464444,
        0.8656274826096357,
        0.8574412645235546,
        0.8474488658592834,
        0.8612946258311982,
        0.8618096976969052,
        0.8517853880490663,
        0.8657437213862557,
        0.8636480990787786
    ],
    "Kappas": [
        0.8035556461759296,
        0.812802714268075,
        0.822544770139221,
        0.7942344218854891,
        0.8120870513255231,
        0.830928292024242,
        0.8055427605615414,
        0.7960736629136913,
        0.796792146999053,
        0.8040472990921782
    ],
    "EachAccs": [
        [
            0.880091277017136,
            0.7978823529411766,
            0.701544739143107,
            0.8695896571107363,
            0.8149092545372731,
            0.9977578475336323,
            0.8608224130140081,
            0.9456591639871382,
            0.7677655677655679,
            0.8588957055214724,
            0.9598393574297188
        ],
        [
            0.8912425729785585,
            0.8091764705882354,
            0.7044593412999126,
            0.8729623383923553,
            0.8503074846257687,
            1.0,
            0.8093086308178943,
            0.957395498392283,
            0.6805860805860806,
            0.8466257668711656,
            0.9477911646586346
        ],
        [
            0.9043313527942822,
            0.8072941176470588,
            0.7401632177207812,
            0.8926363125351321,
            0.8191090445477726,
            1.0,
            0.7483054676909174,
            0.9736334405144694,
            0.7582417582417582,
            0.9263803680981595,
            0.9518072289156626
        ],
        [
            0.8657969516920693,
            0.7291764705882353,
            0.73958029728942,
            0.9359190556492412,
            0.7892605369731513,
            0.9596412556053813,
            0.9462268413917758,
            0.9414790996784564,
            0.6446886446886446,
            0.9202453987730062,
            0.9598393574297188
        ],
        [
            0.88323430638078,
            0.7362352941176471,
            0.774992713494608,
            0.7953906689151209,
            0.8458077096145192,
            1.0,
            0.8874830546769091,
            0.9517684887459807,
            0.6820512820512821,
            0.7730061349693251,
            0.9919678714859438
        ],
        [
            0.9120812882114872,
            0.8654117647058822,
            0.6941125036432527,
            0.8549747048903878,
            0.888555572221389,
            0.9955156950672646,
            0.8522367826479892,
            0.9376205787781351,
            0.6271062271062271,
            0.8466257668711656,
            1.0
        ],
        [
            0.8842676311030742,
            0.7952941176470588,
            0.6815797143689886,
            0.898257448004497,
            0.8378581070946453,
            1.0,
            0.8251242657026662,
            0.9496784565916399,
            0.7501831501831502,
            0.901840490797546,
            0.9558232931726907
        ],
        [
            0.8728149487643158,
            0.7760000000000001,
            0.711454386476246,
            0.8420460933108488,
            0.8030598470076497,
            1.0,
            0.8716674197921374,
            0.9601286173633441,
            0.676923076923077,
            0.8957055214723927,
            0.9598393574297188
        ],
        [
            0.8545164901403599,
            0.7809411764705882,
            0.7331681725444477,
            0.8915120854412593,
            0.8047097645117745,
            1.0,
            0.9335743334839585,
            0.9532154340836013,
            0.7018315018315018,
            0.901840490797546,
            0.9678714859437751
        ],
        [
            0.8915870145526565,
            0.7072941176470589,
            0.6979014864470998,
            0.9499718943226532,
            0.8258587070646467,
            0.9977578475336323,
            0.8752824220515137,
            0.9469453376205788,
            0.6974358974358974,
            0.9141104294478528,
            0.9959839357429717
        ]
    ],
    "Train_times": [
        22.1119227,
        18.390488600000005,
        18.5078544,
        18.75863369999999,
        18.377329000000003,
        18.202708099999995,
        18.343360399999995,
        18.2886393,
        19.0296721,
        19.584493199999997
    ],
    "Test_times": [
        3.212140000000005,
        3.1985150999999945,
        3.21643610000001,
        3.205236400000004,
        3.241124300000024,
        3.2536367000000155,
        3.200922100000014,
        3.2754261000000042,
        9.864316000000002,
        3.4731030000000374
    ],
    "OA_mean": 0.8508270958083832,
    "OA_std": 0.009419951069167244,
    "AA_mean": 0.8586127570963029,
    "AA_std": 0.006021766838523443,
    "Kappa_mean": 0.8078608765384943,
    "Kappa_std": 0.011294211748087845,
    "Train_time_mean": 18.959510149999996,
    "Test_time_mean": 3.914085580000011,
    "Avg_EachAcc": [
        0.883996383363472,
        0.7804705882352941,
        0.7178956572427863,
        0.8803260258572232,
        0.827943602819859,
        0.9950672645739911,
        0.861003163126977,
        0.9517524115755626,
        0.6986813186813187,
        0.8785276073619631,
        0.9690763052208835
    ],
    "Std_EachAcc": [
        0.01628990453442069,
        0.043868315054762956,
        0.026894277208213753,
        0.042462795503164195,
        0.027384412217938574,
        0.011898205525938624,
        0.05503247311456944,
        0.009760696307065159,
        0.044832591082247734,
        0.04498233810999599,
        0.01840829981745516
    ]
}