{
    "dataset": "Trento",
    "train_num": 20,
    "num_experiments": 10,
    "seeds": [
        1,
        2,
        3,
        4,
        5,
        6,
        7,
        8,
        9,
        10
    ],
    "OAs": [
        0.9935837765957447,
        0.9950465425531916,
        0.9919215425531915,
        0.9941156914893619,
        0.9944148936170213,
        0.9942819148936171,
        0.9940159574468085,
        0.9908577127659575,
        0.9937832446808511,
        0.9939162234042552
    ],
    "AAs": [
        0.9845043022361977,
        0.9886402266972493,
        0.9838060991531313,
        0.9876319035827942,
        0.9905917540151837,
        0.9890461424119669,
        0.9870384305292813,
        0.9820582271419951,
        0.9897372691502597,
        0.9898671322825825
    ],
    "Kappas": [
        0.9914301945597699,
        0.9933850033811988,
        0.9892101973678574,
        0.9921430901920626,
        0.9925452970081428,
        0.9923646670303363,
        0.9920088149218202,
        0.9877915292996022,
        0.9917001094995741,
        0.9918771464799133
    ],
    "EachAccs": [
        [
            0.9997508719481814,
            0.9551927752691907,
            0.9673202614379085,
            1.0,
            1.0,
            0.9847619047619047
        ],
        [
            0.9975087194818137,
            0.9659604029176798,
            0.9782135076252723,
            1.0,
            1.0,
            0.9901587301587301
        ],
        [
            0.9992526158445441,
            0.9812434873219869,
            0.9782135076252723,
            1.0,
            1.0,
            0.9441269841269841
        ],
        [
            0.996013951170902,
            0.9725599166377215,
            0.9803921568627451,
            1.0,
            1.0,
            0.9768253968253968
        ],
        [
            0.9985052316890882,
            0.9590135463702674,
            1.0,
            1.0,
            1.0,
            0.986031746031746
        ],
        [
            0.9992526158445441,
            0.9697811740187565,
            0.9869281045751634,
            1.0,
            0.9989498806682577,
            0.9793650793650793
        ],
        [
            0.9977578475336323,
            0.9694338311913859,
            0.9782135076252723,
            1.0,
            1.0,
            0.9768253968253968
        ],
        [
            0.9975087194818137,
            0.97186523098298,
            0.9782135076252723,
            1.0,
            1.0,
            0.9447619047619048
        ],
        [
            1.0,
            0.9742966307745745,
            1.0,
            1.0,
            1.0,
            0.9641269841269842
        ],
        [
            0.9977578475336323,
            0.9614449461618616,
            1.0,
            1.0,
            1.0,
            0.98
        ]
    ],
    "Train_times": [
        4.3385808,
        3.3501106999999983,
        3.3506336999999995,
        3.3737894000000033,
        3.3242949999999993,
        3.372610299999998,
        3.344815700000005,
        3.3649851999999996,
        3.229978199999998,
        3.4084093999999965
    ],
    "Test_times": [
        1.0655333999999996,
        1.0657355000000006,
        1.0229970999999978,
        1.001234199999999,
        0.9819232000000007,
        1.0321211999999989,
        1.003731100000003,
        0.9932603000000029,
        1.021774299999997,
        1.109105999999997
    ],
    "OA_mean": 0.9935937499999999,
    "OA_std": 0.0011887518790812724,
    "AA_mean": 0.9872921487200642,
    "AA_std": 0.0027547908894499716,
    "Kappa_mean": 0.9914456049740277,
    "Kappa_std": 0.0015880651496552349,
    "Train_time_mean": 3.4458208399999997,
    "Test_time_mean": 1.0297416299999997,
    "Avg_EachAcc": [
        0.9983308420528152,
        0.9680791941646405,
        0.9847494553376906,
        1.0,
        0.9998949880668258,
        0.9726984126984128
    ],
    "Std_EachAcc": [
        0.0011793523047876617,
        0.007401662939441025,
        0.010936732372994471,
        0.0,
        0.00031503579952267823,
        0.015589208818758553
    ]
}