{
    "dataset": "Houston",
    "train_num": 20,
    "num_experiments": 10,
    "seeds": [
        1,
        2,
        3,
        4,
        5,
        6,
        7,
        8,
        9,
        10
    ],
    "OAs": [
        0.9694293478260869,
        0.9504755434782609,
        0.9451766304347826,
        0.9504076086956522,
        0.9533967391304347,
        0.953125,
        0.9492527173913043,
        0.9577445652173913,
        0.9469429347826087,
        0.9242527173913043
    ],
    "AAs": [
        0.97486448427841,
        0.9552828850864313,
        0.9539970832600075,
        0.95883630194689,
        0.9624977112737737,
        0.9620690900604971,
        0.9578697510175043,
        0.9588603501955837,
        0.9552344498273171,
        0.9368568532387473
    ],
    "Kappas": [
        0.9669447717198151,
        0.9464437953013151,
        0.9407192802583327,
        0.9463762226374441,
        0.9496048236780433,
        0.9493265742290078,
        0.9451241934278158,
        0.9543057447067053,
        0.942630351419089,
        0.9181010350138386
    ],
    "EachAccs": [
        [
            0.9861900893582454,
            0.9959481361426257,
            1.0,
            0.9926470588235294,
            1.0,
            1.0,
            0.9935897435897436,
            0.8982772764561117,
            0.8969155844155844,
            0.9676884838442419,
            0.9273327828241124,
            0.9777411376751854,
            0.9866369710467705,
            1.0,
            1.0
        ],
        [
            0.9561332250203087,
            0.9943273905996759,
            0.9985228951255539,
            0.9983660130718954,
            1.0,
            0.9377049180327869,
            0.9198717948717949,
            0.8777686628383922,
            0.8717532467532467,
            0.9850869925434964,
            0.9735755573905862,
            0.8606760098928277,
            0.9554565701559021,
            1.0,
            1.0
        ],
        [
            0.8545897644191714,
            0.9927066450567261,
            0.9955686853766618,
            1.0,
            0.9950900163666121,
            1.0,
            0.969551282051282,
            0.8170631665299426,
            0.9107142857142857,
            0.9734879867439933,
            0.9339388934764657,
            0.9117889530090683,
            0.9554565701559021,
            1.0,
            1.0
        ],
        [
            0.9805036555645816,
            0.9854132901134521,
            1.0,
            0.9967320261437908,
            0.9893617021276596,
            1.0,
            0.983173076923077,
            0.7834290401968826,
            0.8758116883116884,
            0.9859154929577465,
            0.9479768786127167,
            0.8854080791426217,
            0.9688195991091314,
            1.0,
            1.0
        ],
        [
            0.9130787977254264,
            0.993517017828201,
            0.9985228951255539,
            0.9991830065359477,
            1.0,
            1.0,
            0.936698717948718,
            0.9450369155045117,
            0.8076298701298701,
            1.0,
            0.9653179190751444,
            0.8829348722176422,
            0.9955456570155902,
            1.0,
            1.0
        ],
        [
            0.9959382615759546,
            0.9829821717990277,
            1.0,
            0.9583333333333335,
            1.0,
            1.0,
            0.9358974358974359,
            0.9047619047619048,
            0.9074675324675324,
            0.9362054681027341,
            0.9678217821782178,
            0.8483099752679307,
            0.9933184855233853,
            1.0,
            1.0
        ],
        [
            0.9049553208773355,
            1.0,
            1.0,
            1.0,
            0.9819967266775778,
            0.9770491803278688,
            0.9767628205128205,
            0.8219852337981952,
            0.8262987012987013,
            0.9859154929577465,
            0.9785301403798513,
            0.9216817807089861,
            0.9977728285077951,
            0.9950980392156863,
            1.0
        ],
        [
            0.9723801787164906,
            0.9756888168557536,
            1.0,
            1.0,
            1.0,
            0.8688524590163934,
            0.9647435897435898,
            0.8974569319114027,
            0.9009740259740259,
            0.9643744821872411,
            0.9661436829066887,
            0.887881286067601,
            0.9844097995545656,
            1.0,
            1.0
        ],
        [
            0.9886271324126725,
            0.9951377633711506,
            0.9985228951255539,
            0.9419934640522876,
            1.0,
            0.9803278688524589,
            0.9407051282051282,
            0.8957307060755336,
            0.8733766233766234,
            0.9933719966859982,
            0.9273927392739274,
            0.8202802967848309,
            0.9755011135857461,
            0.9975490196078431,
            1.0
        ],
        [
            0.9496344435418359,
            0.8954619124797406,
            0.9867060561299852,
            0.9975490196078431,
            1.0,
            0.9934426229508196,
            0.9358974358974359,
            0.874487284659557,
            0.8051948051948052,
            0.9163214581607291,
            0.9388934764657308,
            0.7980214344600165,
            0.9710467706013363,
            0.9901960784313727,
            1.0
        ]
    ],
    "Train_times": [
        27.1708559,
        25.193051499999996,
        24.415047799999996,
        24.459595399999984,
        24.604645800000014,
        24.562796399999996,
        24.462766200000004,
        24.723482899999993,
        26.220907100000005,
        25.084590399999968
    ],
    "Test_times": [
        1.004141500000003,
        0.8733428999999973,
        0.8993001000000049,
        0.8896388999999942,
        0.8670151000000033,
        0.8731431000000214,
        0.8884993000000065,
        0.8526370999999813,
        0.8591335999999501,
        0.8748026000000095
    ],
    "OA_mean": 0.9500203804347827,
    "OA_std": 0.010748306734720313,
    "AA_mean": 0.9576368960185162,
    "AA_std": 0.008941044862849698,
    "Kappa_mean": 0.9459576792391408,
    "Kappa_std": 0.011620714744167931,
    "Train_time_mean": 25.089773939999994,
    "Test_time_mean": 0.8881654199999971,
    "Avg_EachAcc": [
        0.9502030869212023,
        0.9811183144246354,
        0.9977843426883309,
        0.9884803921568629,
        0.9966448445171849,
        0.9757377049180327,
        0.9556891025641026,
        0.8715997122732435,
        0.8676136363636363,
        0.9708367854183926,
        0.952692385258344,
        0.8794723825226709,
        0.9783964365256125,
        0.9982843137254902,
        1.0
    ],
    "Std_EachAcc": [
        0.043446629548148645,
        0.029366482553959353,
        0.003921984652098018,
        0.019616181505893095,
        0.005906170401232767,
        0.04018768116995296,
        0.02358288923725129,
        0.04659575051959098,
        0.03838770866882571,
        0.024992165084645208,
        0.01876288222829941,
        0.04905408490106516,
        0.014842055306499858,
        0.003109945475600333,
        0.0
    ]
}