{
    "dataset": "Houston",
    "train_num": 20,
    "num_experiments": 10,
    "seeds": [
        1,
        2,
        3,
        4,
        5,
        6,
        7,
        8,
        9,
        10
    ],
    "OAs": [
        0.9676630434782608,
        0.9472826086956522,
        0.9452445652173913,
        0.9494565217391304,
        0.9554347826086956,
        0.9505434782608695,
        0.9512228260869565,
        0.9573369565217391,
        0.9482336956521739,
        0.9230978260869566
    ],
    "AAs": [
        0.973805534219484,
        0.9525582039693333,
        0.9538792911650595,
        0.9578863874015934,
        0.9641139613375802,
        0.9600962081622814,
        0.9596549977708455,
        0.9582481319353764,
        0.9564767182377782,
        0.9364490141718076
    ],
    "Kappas": [
        0.9650364199883282,
        0.942992282998135,
        0.9407892449019737,
        0.9453462902740543,
        0.9518093434793596,
        0.9465282025265087,
        0.9472565836586085,
        0.953861249232571,
        0.944027682280848,
        0.9168543464594172
    ],
    "EachAccs": [
        [
            0.9853777416734363,
            0.9951377633711506,
            1.0,
            0.994281045751634,
            1.0,
            1.0,
            0.9951923076923077,
            0.8908941755537324,
            0.8961038961038961,
            0.9527754763877383,
            0.9265070189925682,
            0.975267930750206,
            0.9955456570155902,
            1.0,
            1.0
        ],
        [
            0.9528838342810723,
            0.9959481361426257,
            0.9985228951255539,
            0.9983660130718954,
            1.0,
            0.9344262295081969,
            0.9142628205128205,
            0.8654634946677605,
            0.8652597402597402,
            0.9859154929577465,
            0.9628406275805119,
            0.8590272052761747,
            0.9554565701559021,
            1.0,
            1.0
        ],
        [
            0.8554021121039805,
            0.993517017828201,
            0.9955686853766618,
            1.0,
            0.9950900163666121,
            0.99672131147541,
            0.967948717948718,
            0.8301886792452831,
            0.9147727272727273,
            0.9693454846727423,
            0.9289843104872006,
            0.9051937345424568,
            0.9554565701559021,
            1.0,
            1.0
        ],
        [
            0.9805036555645816,
            0.9829821717990277,
            1.0,
            0.9975490196078431,
            0.9918166939443536,
            0.99672131147541,
            0.984775641025641,
            0.7744052502050862,
            0.8887987012987013,
            0.9710024855012428,
            0.953757225433526,
            0.8771640560593571,
            0.9688195991091314,
            1.0,
            1.0
        ],
        [
            0.9130787977254264,
            0.9910858995137763,
            0.9985228951255539,
            0.9991830065359477,
            1.0,
            1.0,
            0.9567307692307694,
            0.955701394585726,
            0.8011363636363636,
            1.0,
            0.9644921552436003,
            0.886232481450948,
            0.9955456570155902,
            1.0,
            1.0
        ],
        [
            0.9975629569455726,
            0.9805510534846029,
            1.0,
            0.9624183006535948,
            1.0,
            1.0,
            0.9198717948717949,
            0.9220032840722496,
            0.9074675324675324,
            0.927920463960232,
            0.9678217821782178,
            0.8202802967848309,
            0.9955456570155902,
            1.0,
            1.0
        ],
        [
            0.9130787977254264,
            1.0,
            1.0,
            1.0,
            0.9828150572831423,
            0.9836065573770492,
            0.9815705128205127,
            0.826086956521739,
            0.8336038961038961,
            0.9850869925434964,
            0.9744013212221305,
            0.9241549876339654,
            0.9977728285077951,
            0.9926470588235294,
            1.0
        ],
        [
            0.9764419171405362,
            0.9748784440842787,
            1.0,
            0.9991830065359477,
            1.0,
            0.8688524590163934,
            0.952724358974359,
            0.9064807219031994,
            0.9212662337662337,
            0.9701739850869926,
            0.9644921552436003,
            0.8615004122011541,
            0.977728285077951,
            1.0,
            1.0
        ],
        [
            0.9910641754670999,
            0.9951377633711506,
            0.9985228951255539,
            0.9419934640522876,
            1.0,
            0.9803278688524589,
            0.9415064102564102,
            0.9072249589490968,
            0.8709415584415584,
            0.9950289975144987,
            0.929042904290429,
            0.8186314921681782,
            0.977728285077951,
            1.0,
            1.0
        ],
        [
            0.9545085296506904,
            0.8954619124797406,
            0.9881831610044313,
            0.9991830065359477,
            1.0,
            0.9934426229508196,
            0.9350961538461539,
            0.8687448728465955,
            0.799512987012987,
            0.9047224523612262,
            0.9454995871180842,
            0.7897774113767518,
            0.9799554565701559,
            0.9926470588235294,
            1.0
        ]
    ],
    "Train_times": [
        43.234746699999995,
        29.731871400000003,
        28.27895579999999,
        29.23552719999998,
        28.208201099999997,
        28.02234470000002,
        28.72311320000003,
        28.297595399999977,
        28.41872959999995,
        28.48980979999999
    ],
    "Test_times": [
        1.0319946999999985,
        1.00377850000001,
        1.0391697000000022,
        1.0130039999999951,
        1.0022134000000165,
        0.9900985000000162,
        0.9942742000000067,
        1.002118199999984,
        0.9939142000000061,
        0.9929076000000236
    ],
    "OA_mean": 0.9495516304347827,
    "OA_std": 0.010734392176079934,
    "AA_mean": 0.957316844837114,
    "AA_std": 0.008961555511359172,
    "Kappa_mean": 0.9454501645799803,
    "Kappa_std": 0.011604967177000063,
    "Train_time_mean": 30.064089489999994,
    "Test_time_mean": 1.0063473000000058,
    "Avg_EachAcc": [
        0.9519902518277823,
        0.9804700162074553,
        0.9979320531757754,
        0.9892156862745098,
        0.9969721767594109,
        0.9754098360655739,
        0.9549679487179488,
        0.8747193788550469,
        0.8698863636363636,
        0.9661971830985914,
        0.9517839087789868,
        0.8717230008244023,
        0.9799554565701559,
        0.9985294117647058,
        1.0
    ],
    "Std_EachAcc": [
        0.043004507945750205,
        0.029322619558956643,
        0.0035079297155208152,
        0.019124628634142566,
        0.00542880795110377,
        0.04021575780077332,
        0.026183170777288635,
        0.05064904786151945,
        0.042579299709931344,
        0.028622980704057006,
        0.01712686082709469,
        0.05222730142642537,
        0.01543029672667147,
        0.002941176470588225,
        0.0
    ]
}