{
    "dataset": "Houston",
    "train_num": 20,
    "num_experiments": 10,
    "seeds": [
        1,
        2,
        3,
        4,
        5,
        6,
        7,
        8,
        9,
        10
    ],
    "OAs": [
        0.9722146739130434,
        0.947758152173913,
        0.9483016304347827,
        0.9504755434782609,
        0.954008152173913,
        0.9514266304347827,
        0.9494565217391304,
        0.9557065217391305,
        0.946195652173913,
        0.9241847826086956
    ],
    "AAs": [
        0.9772686858183343,
        0.9524515925507938,
        0.956469457902217,
        0.9587826534429805,
        0.9629049325050971,
        0.9608077373241973,
        0.9576758772745596,
        0.9571195729232049,
        0.9545483944064119,
        0.9373931716064771
    ],
    "Kappas": [
        0.9699571924623895,
        0.9435043613295686,
        0.9440963614336478,
        0.946449118673184,
        0.950265899500759,
        0.9474878262493672,
        0.945346016162851,
        0.9521004377575721,
        0.9418210896603738,
        0.9180319128730615
    ],
    "EachAccs": [
        [
            0.9870024370430545,
            0.9967585089141004,
            1.0,
            0.9869281045751634,
            1.0,
            1.0,
            0.9951923076923077,
            0.9122231337161608,
            0.9261363636363636,
            0.9710024855012428,
            0.9199009083402145,
            0.9727947238252267,
            0.9910913140311804,
            1.0,
            1.0
        ],
        [
            0.9463850528025994,
            0.9959481361426257,
            0.9985228951255539,
            1.0,
            1.0,
            0.9245901639344263,
            0.9166666666666665,
            0.8687448728465955,
            0.8660714285714286,
            0.9875724937862469,
            0.9636663914120561,
            0.863149216817807,
            0.9554565701559021,
            1.0,
            1.0
        ],
        [
            0.8554021121039805,
            0.9918962722852512,
            0.9955686853766618,
            1.0,
            0.9975450081833059,
            1.0,
            0.9751602564102564,
            0.8802296964725184,
            0.9228896103896104,
            0.9469759734879868,
            0.9190751445086706,
            0.9068425391591096,
            0.9554565701559021,
            1.0,
            1.0
        ],
        [
            0.9780666125101544,
            0.986223662884927,
            1.0,
            0.9991830065359477,
            0.9959083469721768,
            1.0,
            0.9807692307692306,
            0.7867104183757178,
            0.8863636363636364,
            0.9743164871582437,
            0.9430222956234517,
            0.8845836768342952,
            0.9665924276169265,
            1.0,
            1.0
        ],
        [
            0.9163281884646629,
            0.9951377633711506,
            0.9985228951255539,
            0.9991830065359477,
            1.0,
            1.0,
            0.9294871794871795,
            0.9474979491386383,
            0.8092532467532467,
            0.9991714995857498,
            0.9661436829066887,
            0.8895300906842539,
            0.9933184855233853,
            1.0,
            1.0
        ],
        [
            0.991876523151909,
            0.9846029173419774,
            1.0,
            0.9722222222222221,
            1.0,
            1.0,
            0.9262820512820514,
            0.9129720853858785,
            0.898538961038961,
            0.9362054681027341,
            0.9645214521452146,
            0.8293487221764221,
            0.9955456570155902,
            1.0,
            1.0
        ],
        [
            0.9122664500406173,
            1.0,
            1.0,
            1.0,
            0.9901800327332242,
            0.9770491803278688,
            0.9767628205128205,
            0.8277276456111566,
            0.8409090909090909,
            0.971830985915493,
            0.9752270850536746,
            0.907666941467436,
            0.9977728285077951,
            0.9877450980392157,
            1.0
        ],
        [
            0.9756295694557271,
            0.9781199351701783,
            1.0,
            1.0,
            1.0,
            0.8688524590163934,
            0.9599358974358975,
            0.8990976210008204,
            0.8944805194805194,
            0.9411764705882352,
            0.9636663914120561,
            0.8936521022258862,
            0.9821826280623608,
            1.0,
            1.0
        ],
        [
            0.984565393988627,
            0.9951377633711506,
            0.9985228951255539,
            0.9419934640522876,
            1.0,
            0.9803278688524589,
            0.9238782051282051,
            0.9088669950738916,
            0.8774350649350651,
            0.9884009942004971,
            0.9282178217821783,
            0.8202802967848309,
            0.9755011135857461,
            0.9950980392156863,
            1.0
        ],
        [
            0.9496344435418359,
            0.8962722852512157,
            0.9867060561299852,
            1.0,
            1.0,
            0.99672131147541,
            0.936698717948718,
            0.8572600492206726,
            0.8303571428571429,
            0.9138359569179785,
            0.9421965317919075,
            0.7790601813685079,
            0.9844097995545656,
            0.9877450980392157,
            1.0
        ]
    ],
    "Train_times": [
        28.0207798,
        24.813835500000003,
        25.11446310000001,
        25.202545600000008,
        25.18706610000001,
        25.152564600000005,
        26.29718409999998,
        25.435016999999988,
        25.37721160000001,
        25.55132279999998
    ],
    "Test_times": [
        0.9208836000000034,
        0.9105162000000036,
        0.9323682999999932,
        0.9142111999999827,
        0.8981356000000176,
        1.0548933000000034,
        0.9095860000000187,
        0.9105883999999946,
        0.9350129000000038,
        0.9126403999999866
    ],
    "OA_mean": 0.9499728260869565,
    "OA_std": 0.011106212963339523,
    "AA_mean": 0.9575422075754274,
    "AA_std": 0.009339718205742389,
    "Kappa_mean": 0.9459060216102774,
    "Kappa_std": 0.012006849134592669,
    "Train_time_mean": 25.61519902,
    "Test_time_mean": 0.9298835900000008,
    "Avg_EachAcc": [
        0.9497156783103167,
        0.9820097244732577,
        0.9977843426883309,
        0.9899509803921569,
        0.9983633387888707,
        0.9747540983606557,
        0.9520833333333332,
        0.880133046684205,
        0.8752435064935064,
        0.9630488815244409,
        0.9485637704976113,
        0.8746908491343774,
        0.9797327394209354,
        0.997058823529412,
        1.0
    ],
    "Std_EachAcc": [
        0.041570379759891404,
        0.029271849079774148,
        0.003921984652098018,
        0.018162446439770105,
        0.0030399632767605187,
        0.041757931045011125,
        0.0271060820861629,
        0.04467492417400638,
        0.03678846876472246,
        0.025875753799541143,
        0.01976653134816643,
        0.05168943305238501,
        0.015120181801776066,
        0.004877389397581453,
        0.0
    ]
}