{
    "dataset": "Trento",
    "train_num": 20,
    "num_experiments": 10,
    "seeds": [
        1,
        2,
        3,
        4,
        5,
        6,
        7,
        8,
        9,
        10
    ],
    "OAs": [
        0.9954787234042555,
        0.9956117021276596,
        0.9933843085106383,
        0.9931183510638298,
        0.9953125,
        0.9896276595744681,
        0.9930851063829788,
        0.9930186170212765,
        0.9941821808510638,
        0.9956117021276596
    ],
    "AAs": [
        0.9883753091776005,
        0.9901537519767224,
        0.9865202514636487,
        0.9859748917957432,
        0.9927897108494829,
        0.9835419930809227,
        0.9885360319293013,
        0.9856503799582028,
        0.9906796164135924,
        0.9917297672057431
    ],
    "Kappas": [
        0.9939622407057397,
        0.9941407589776865,
        0.9911671314682776,
        0.9908123218330267,
        0.9937432861675819,
        0.9861638687019995,
        0.9907710925058657,
        0.9906775581383045,
        0.9922343441035713,
        0.9941407559774142
    ],
    "EachAccs": [
        [
            0.9992526158445441,
            0.9843695727683223,
            0.9694989106753813,
            0.9996704383170383,
            1.0,
            0.9774603174603175
        ],
        [
            0.996013951170902,
            0.9885376866967697,
            0.9782135076252723,
            1.0,
            0.9994272076372315,
            0.9787301587301588
        ],
        [
            0.9982561036372695,
            0.981938172976728,
            0.9782135076252723,
            0.9998901461056795,
            0.999236276849642,
            0.9615873015873015
        ],
        [
            0.9957648231190832,
            0.9885376866967697,
            0.9782135076252723,
            1.0,
            1.0,
            0.9533333333333335
        ],
        [
            0.9947683109118085,
            0.9881903438693991,
            1.0,
            0.9997802922113589,
            0.9997136038186157,
            0.9742857142857143
        ],
        [
            0.9997508719481814,
            0.975686002084057,
            0.9912854030501088,
            1.0,
            0.9957995226730312,
            0.9387301587301587
        ],
        [
            0.996013951170902,
            0.9906217436609934,
            0.9847494553376905,
            1.0,
            0.9957040572792363,
            0.9641269841269842
        ],
        [
            0.996013951170902,
            0.9777700590482806,
            0.9782135076252723,
            1.0,
            1.0,
            0.9619047619047619
        ],
        [
            0.9967613353263577,
            0.9854116012504341,
            1.0,
            1.0,
            1.0,
            0.9619047619047619
        ],
        [
            0.9982561036372695,
            0.986453629732546,
            0.9912854030501088,
            0.9997802922113589,
            1.0,
            0.9746031746031746
        ]
    ],
    "Train_times": [
        7.862204599999999,
        6.3564837999999995,
        6.225294300000002,
        6.2716931,
        6.214836099999999,
        6.247940899999996,
        6.2813507999999985,
        6.302524000000005,
        6.268969999999996,
        6.2289294999999925
    ],
    "Test_times": [
        1.8265630999999996,
        1.7899946999999976,
        1.7844857999999988,
        1.7632179000000008,
        1.8274393999999958,
        1.8093430999999995,
        1.8281262999999939,
        1.786946499999999,
        1.8248168000000078,
        1.8316576999999938
    ],
    "OA_mean": 0.993843085106383,
    "OA_std": 0.0017596959456639505,
    "AA_mean": 0.9883951703850962,
    "AA_std": 0.002814664012071608,
    "Kappa_mean": 0.9917813358579467,
    "Kappa_std": 0.0023463938618025794,
    "Train_time_mean": 6.426022709999998,
    "Test_time_mean": 1.8072591299999985,
    "Avg_EachAcc": [
        0.9970852017937218,
        0.98475164987843,
        0.9849673202614376,
        0.9999121168845434,
        0.9989880668257756,
        0.9646666666666667
    ],
    "Std_EachAcc": [
        0.001587592821759303,
        0.004661257918654746,
        0.009765113216128525,
        0.00011831626512435561,
        0.0016386712012314974,
        0.011742642153569502
    ]
}