{
    "dataset": "Houston",
    "train_num": 20,
    "num_experiments": 10,
    "seeds": [
        1,
        2,
        3,
        4,
        5,
        6,
        7,
        8,
        9,
        10
    ],
    "OAs": [
        0.9559103260869564,
        0.9288722826086956,
        0.9287364130434783,
        0.9383152173913044,
        0.9393342391304348,
        0.9411684782608696,
        0.9465353260869566,
        0.9412364130434783,
        0.9316576086956522,
        0.9122282608695652
    ],
    "AAs": [
        0.9617204020461538,
        0.9383514811531485,
        0.9403679124688581,
        0.9486624755469835,
        0.9507473609315905,
        0.951201531011288,
        0.9547992516114178,
        0.9437380240849521,
        0.9423725740097114,
        0.9268055355120062
    ],
    "Kappas": [
        0.952326247977836,
        0.9231142235573441,
        0.9229636239042258,
        0.9333132131803058,
        0.9344028477943772,
        0.9364147613592002,
        0.9421946321958931,
        0.9364645195698141,
        0.9261070286919538,
        0.9051119761344615
    ],
    "EachAccs": [
        [
            0.9991876523151909,
            0.9967585089141004,
            0.9985228951255539,
            0.9411764705882352,
            1.0,
            0.9606557377049181,
            0.9599358974358975,
            0.9179655455291222,
            0.8790584415584416,
            0.9453189726594863,
            0.8695293146160198,
            0.9777411376751854,
            0.9799554565701559,
            1.0,
            1.0
        ],
        [
            0.9675060926076361,
            0.993517017828201,
            0.9985228951255539,
            0.9493464052287581,
            1.0,
            0.9442622950819672,
            0.8669871794871795,
            0.7760459392945037,
            0.8116883116883116,
            0.9942004971002486,
            0.9587118084227911,
            0.8590272052761747,
            0.9554565701559021,
            1.0,
            1.0
        ],
        [
            0.8554021121039805,
            0.9878444084278768,
            0.9955686853766618,
            1.0,
            1.0,
            0.9901639344262295,
            0.9158653846153846,
            0.7301066447908121,
            0.8863636363636364,
            0.9933719966859982,
            0.8951279933938894,
            0.9002473206924979,
            0.9554565701559021,
            1.0,
            1.0
        ],
        [
            0.9780666125101544,
            0.986223662884927,
            1.0,
            1.0,
            0.9959083469721768,
            1.0,
            0.9431089743589743,
            0.7612797374897456,
            0.864448051948052,
            0.9536039768019884,
            0.9009083402146986,
            0.8887056883759274,
            0.957683741648107,
            1.0,
            1.0
        ],
        [
            0.90089358245329,
            0.9910858995137763,
            0.9970457902511078,
            1.0,
            1.0,
            1.0,
            0.90625,
            0.8539786710418376,
            0.7751623376623377,
            1.0,
            0.9710982658959537,
            0.8812860676009894,
            0.9844097995545656,
            1.0,
            1.0
        ],
        [
            0.9983753046303818,
            0.9829821717990277,
            1.0,
            0.9411764705882352,
            1.0,
            0.9934426229508196,
            0.889423076923077,
            0.8752052545155994,
            0.8928571428571429,
            0.9262634631317316,
            0.9603960396039604,
            0.8384171475680132,
            0.9710467706013363,
            1.0,
            0.9984375
        ],
        [
            0.9293257514216084,
            1.0,
            1.0,
            0.9428104575163399,
            0.983633387888707,
            0.9770491803278688,
            0.9495192307692306,
            0.8162428219852338,
            0.8327922077922078,
            0.9966859983429992,
            1.0,
            0.9233305853256389,
            0.9755011135857461,
            0.9950980392156863,
            1.0
        ],
        [
            0.9780666125101544,
            0.9781199351701783,
            1.0,
            1.0,
            1.0,
            0.8688524590163934,
            0.891826923076923,
            0.7768662838392124,
            0.8839285714285714,
            0.9900579950289975,
            0.9570602807597026,
            0.8936521022258862,
            0.9376391982182628,
            1.0,
            1.0
        ],
        [
            0.9821283509341998,
            0.9967585089141004,
            0.9985228951255539,
            0.9419934640522876,
            1.0,
            0.9836065573770492,
            0.8838141025641025,
            0.7610837438423645,
            0.8628246753246753,
            0.9950289975144987,
            0.9405940594059404,
            0.8351195383347073,
            0.9688195991091314,
            0.9852941176470589,
            1.0
        ],
        [
            0.9325751421608447,
            0.8954619124797406,
            0.9881831610044313,
            1.0,
            1.0,
            0.99672131147541,
            0.9142628205128205,
            0.808039376538146,
            0.7849025974025975,
            0.8956089478044739,
            0.9479768786127167,
            0.7922506183017313,
            0.9510022271714922,
            0.9950980392156863,
            1.0
        ]
    ],
    "Train_times": [
        27.765215700000006,
        25.270708899999995,
        24.262593299999992,
        24.167552499999985,
        24.016371700000008,
        25.40926239999999,
        24.516237500000017,
        24.23959450000001,
        24.29975060000004,
        24.301316100000008
    ],
    "Test_times": [
        0.9055745000000002,
        0.9004420999999923,
        0.8533158999999984,
        0.8458061000000043,
        0.8475040000000149,
        0.8574333999999908,
        0.8424444000000051,
        0.8549098000000015,
        0.8597193999999604,
        0.8531477999999879
    ],
    "OA_mean": 0.9363994565217391,
    "OA_std": 0.01124253125845568,
    "AA_mean": 0.945876654837611,
    "AA_std": 0.009262884743332376,
    "Kappa_mean": 0.9312413074365413,
    "Kappa_std": 0.012151366391479278,
    "Train_time_mean": 24.824860320000006,
    "Test_time_mean": 0.8620297399999955,
    "Avg_EachAcc": [
        0.9521527213647442,
        0.9808752025931928,
        0.9976366322008863,
        0.9716503267973856,
        0.9979541734860884,
        0.9714754098360656,
        0.9120993589743591,
        0.8076814018866576,
        0.8474025974025974,
        0.9690140845070422,
        0.9401402980925673,
        0.878977741137675,
        0.96369710467706,
        0.9975490196078433,
        0.9998437499999999
    ],
    "Std_EachAcc": [
        0.044405706499282514,
        0.029187372856303722,
        0.003445170986614666,
        0.02843336800900659,
        0.004927002691813545,
        0.03829334152793277,
        0.02909227710571867,
        0.05588523895464965,
        0.041306881183712195,
        0.03476781036447845,
        0.03767737322433905,
        0.04896672127056942,
        0.013874760024207119,
        0.004519384537888654,
        0.00046875000000000665
    ]
}