{
    "dataset": "Trento",
    "train_num": 20,
    "num_experiments": 10,
    "seeds": [
        1,
        2,
        3,
        4,
        5,
        6,
        7,
        8,
        9,
        10
    ],
    "OAs": [
        0.995844414893617,
        0.9951462765957447,
        0.9912898936170212,
        0.9943816489361701,
        0.9941156914893619,
        0.9950465425531916,
        0.9951795212765957,
        0.9912566489361702,
        0.9931183510638298,
        0.9953789893617021
    ],
    "AAs": [
        0.988534054353477,
        0.9887947180251131,
        0.9816135346195913,
        0.9888470448440847,
        0.9908564500077213,
        0.9891347276472037,
        0.9901062228430785,
        0.9833833198802396,
        0.9892148748247497,
        0.9925758110725331
    ],
    "Kappas": [
        0.9944488896879535,
        0.9935195389946943,
        0.9883755706999092,
        0.992499198091663,
        0.9921474119747944,
        0.9933876199752166,
        0.9935641773422746,
        0.9883269960549902,
        0.990814977395341,
        0.9938307876649176
    ],
    "EachAccs": [
        [
            1.0,
            0.9861062869051754,
            0.9673202614379085,
            1.0,
            1.0,
            0.9777777777777777
        ],
        [
            0.9985052316890882,
            0.9708232025008684,
            0.9738562091503268,
            1.0,
            0.998472553699284,
            0.9911111111111112
        ],
        [
            1.0,
            0.9968739145536645,
            0.954248366013072,
            1.0,
            0.9947494033412887,
            0.9438095238095238
        ],
        [
            0.9977578475336323,
            0.9833275442862104,
            0.9825708061002179,
            1.0,
            0.9989498806682577,
            0.9704761904761905
        ],
        [
            0.9977578475336323,
            0.9673497742271622,
            1.0,
            0.9997802922113589,
            0.9986634844868735,
            0.9815873015873016
        ],
        [
            1.0,
            0.9871483153872872,
            0.9738562091503268,
            1.0,
            0.9976133651551312,
            0.9761904761904762
        ],
        [
            0.9957648231190832,
            0.9829802014588399,
            0.9847494553376905,
            1.0,
            1.0,
            0.9771428571428571
        ],
        [
            0.9955156950672646,
            0.9920111149704759,
            0.9803921568627451,
            1.0,
            1.0,
            0.9323809523809524
        ],
        [
            0.9975087194818137,
            0.9934004862799584,
            1.0,
            1.0,
            0.9996181384248211,
            0.9447619047619048
        ],
        [
            0.9982561036372695,
            0.9895797151788815,
            1.0,
            1.0,
            1.0,
            0.9676190476190476
        ]
    ],
    "Train_times": [
        40.609875100000004,
        7.079154400000007,
        6.663857400000012,
        6.819689600000004,
        6.856189200000003,
        6.846396299999995,
        6.837688,
        6.981986500000005,
        6.599630099999985,
        6.537459900000016
    ],
    "Test_times": [
        10.702799299999995,
        2.1195546000000007,
        2.031558099999998,
        2.2908326000000017,
        1.9274290999999977,
        2.153202300000004,
        1.952532099999999,
        1.9831587000000184,
        1.888153299999999,
        1.8617366999999945
    ],
    "OA_mean": 0.9940757978723405,
    "OA_std": 0.0015764990809012276,
    "AA_mean": 0.9883060758117793,
    "AA_std": 0.003147938739454057,
    "Kappa_mean": 0.9920915167881754,
    "Kappa_std": 0.002103541846332083,
    "Train_time_mean": 10.183192650000004,
    "Test_time_mean": 2.8910956800000007,
    "Avg_EachAcc": [
        0.9981066268061782,
        0.9849600555748526,
        0.9816993464052288,
        0.9999780292211359,
        0.9988066825775656,
        0.9662857142857142
    ],
    "Std_EachAcc": [
        0.001540570486670682,
        0.00898275829792948,
        0.014490883789382028,
        6.591233659233308e-05,
        0.0015618150095402976,
        0.018264206928419083
    ]
}