{
    "dataset": "Houston",
    "train_num": 20,
    "num_experiments": 10,
    "seeds": [
        1,
        2,
        3,
        4,
        5,
        6,
        7,
        8,
        9,
        10
    ],
    "OAs": [
        0.9715353260869564,
        0.9493206521739129,
        0.9480298913043478,
        0.9508831521739132,
        0.9479619565217391,
        0.9567255434782609,
        0.9516304347826086,
        0.9552989130434782,
        0.9474184782608696,
        0.9279211956521739
    ],
    "AAs": [
        0.9762706885031084,
        0.9538863427356792,
        0.9562247688971698,
        0.9596893713541569,
        0.9578634715974117,
        0.9650208281709994,
        0.9597704669180367,
        0.9573588561847595,
        0.9552664098116566,
        0.9401352083381912
    ],
    "Kappas": [
        0.9692184899251977,
        0.9451946737431061,
        0.9438003652507131,
        0.9468884311812842,
        0.9437286262857291,
        0.9532193618710338,
        0.9476981118953719,
        0.9516632640807013,
        0.9431408951209754,
        0.9220762287982567
    ],
    "EachAccs": [
        [
            0.9805036555645816,
            0.9910858995137763,
            1.0,
            0.9967320261437908,
            1.0,
            1.0,
            0.9951923076923077,
            0.9056603773584907,
            0.9163961038961039,
            0.9627174813587406,
            0.9430222956234517,
            0.9727947238252267,
            0.9799554565701559,
            1.0,
            1.0
        ],
        [
            0.9577579203899269,
            0.9894651539708267,
            0.9985228951255539,
            1.0,
            0.9991816693944354,
            0.9278688524590164,
            0.907051282051282,
            0.8941755537325676,
            0.8652597402597402,
            0.9859154929577465,
            0.9636663914120561,
            0.8639736191261336,
            0.9554565701559021,
            1.0,
            1.0
        ],
        [
            0.8554021121039805,
            0.9886547811993516,
            0.9985228951255539,
            1.0,
            0.9991816693944354,
            0.99672131147541,
            0.9711538461538461,
            0.8310090237899918,
            0.9115259740259741,
            0.9726594863297432,
            0.9603633360858794,
            0.9027205276174773,
            0.9554565701559021,
            1.0,
            1.0
        ],
        [
            0.9788789601949633,
            0.9902755267423015,
            1.0,
            1.0,
            0.9983633387888707,
            1.0,
            0.9751602564102564,
            0.793273174733388,
            0.875,
            0.9784589892294946,
            0.953757225433526,
            0.8722176422093981,
            0.9799554565701559,
            1.0,
            1.0
        ],
        [
            0.9155158407798538,
            0.9967585089141004,
            0.9985228951255539,
            0.9991830065359477,
            1.0,
            1.0,
            0.9326923076923077,
            0.8974569319114027,
            0.7832792207792206,
            1.0,
            0.9694467382328653,
            0.886232481450948,
            0.9888641425389754,
            1.0,
            1.0
        ],
        [
            0.9926888708367181,
            0.9878444084278768,
            1.0,
            0.9648692810457518,
            1.0,
            1.0,
            0.9294871794871795,
            0.9064039408866995,
            0.9212662337662337,
            0.947804473902237,
            0.9603960396039604,
            0.8705688375927453,
            0.9955456570155902,
            1.0,
            0.9984375
        ],
        [
            0.9114541023558083,
            0.9991896272285251,
            1.0,
            1.0,
            0.9950900163666121,
            0.9770491803278688,
            0.985576923076923,
            0.8334700574241183,
            0.8417207792207794,
            0.975973487986744,
            0.9727497935590421,
            0.910964550700742,
            0.9933184855233853,
            1.0,
            1.0
        ],
        [
            0.9796913078797725,
            0.9805510534846029,
            1.0,
            1.0,
            1.0,
            0.8688524590163934,
            0.9511217948717949,
            0.8843314191960624,
            0.898538961038961,
            0.9304059652029825,
            0.9702725020644096,
            0.9010717230008244,
            0.9955456570155902,
            1.0,
            1.0
        ],
        [
            0.974817221770918,
            0.9975688816855753,
            0.9985228951255539,
            0.9428104575163399,
            1.0,
            0.9803278688524589,
            0.9455128205128205,
            0.9203612479474549,
            0.8798701298701299,
            0.9942004971002486,
            0.9207920792079208,
            0.8087386644682604,
            0.977728285077951,
            0.9877450980392157,
            1.0
        ],
        [
            0.9471974004874086,
            0.893030794165316,
            0.9926144756277696,
            1.0,
            1.0,
            1.0,
            0.9423076923076923,
            0.8646431501230516,
            0.8441558441558441,
            0.9229494614747309,
            0.9595375722543352,
            0.7765869744435284,
            0.9933184855233853,
            0.9656862745098038,
            1.0
        ]
    ],
    "Train_times": [
        29.184333300000002,
        30.890397300000004,
        27.1158499,
        30.79231370000001,
        29.953409800000003,
        126.15334340000001,
        39.953695100000004,
        154.65057199999995,
        94.85410660000002,
        26.768884299999968
    ],
    "Test_times": [
        0.9479777000000027,
        1.2080430000000035,
        0.9487452000000047,
        0.9486710000000187,
        1.0196980000000053,
        5.705720800000051,
        1.0609147999999777,
        5.791344699999968,
        0.9294246999999132,
        0.9379241999999977
    ],
    "OA_mean": 0.9506725543478259,
    "OA_std": 0.010191324668102072,
    "AA_mean": 0.9581486412511169,
    "AA_std": 0.008579069276092942,
    "Kappa_mean": 0.946662844815237,
    "Kappa_std": 0.011016971784225647,
    "Train_time_mean": 59.03169054,
    "Test_time_mean": 1.9498464099999944,
    "Avg_EachAcc": [
        0.9493907392363929,
        0.9814424635332253,
        0.9986706056129986,
        0.9903594771241829,
        0.9991816693944354,
        0.9750819672131147,
        0.9535256410256411,
        0.8730784877103227,
        0.8737012987012986,
        0.9671085335542668,
        0.9574003973477447,
        0.8765869744435284,
        0.9815144766146993,
        0.995343137254902,
        0.9998437499999999
    ],
    "Std_EachAcc": [
        0.04095400720421111,
        0.029925586326138877,
        0.0021354257451699976,
        0.018938747323902945,
        0.0014638742896888992,
        0.04137387948681275,
        0.02628644819380563,
        0.03918234095274575,
        0.040392729135864905,
        0.024691675403892336,
        0.014724686472432759,
        0.05160527981073436,
        0.014504000138231514,
        0.010539215686274535,
        0.00046875000000000665
    ]
}