{
    "dataset": "Trento",
    "train_num": 20,
    "num_experiments": 10,
    "seeds": [
        1,
        2,
        3,
        4,
        5,
        6,
        7,
        8,
        9,
        10
    ],
    "OAs": [
        0.9954122340425532,
        0.9955452127659573,
        0.9934507978723404,
        0.9937167553191489,
        0.9957114361702127,
        0.9918550531914893,
        0.9937832446808511,
        0.994248670212766,
        0.9943816489361701,
        0.9953789893617021
    ],
    "AAs": [
        0.987963551813872,
        0.9904997351576753,
        0.9870259340628177,
        0.9868809868254673,
        0.9932875547429013,
        0.9865163465206477,
        0.9888666023463667,
        0.9874209363461955,
        0.9909849569412166,
        0.9915890041367211
    ],
    "Kappas": [
        0.9938726849068599,
        0.9940525791769061,
        0.9912565632508449,
        0.9916105256294072,
        0.9942753537327931,
        0.9891312154077363,
        0.9917016698009917,
        0.9923205434535398,
        0.9925004189849761,
        0.9938302185980383
    ],
    "EachAccs": [
        [
            0.9997508719481814,
            0.9836748871135811,
            0.9673202614379085,
            0.9996704383170383,
            0.9999045346062051,
            0.9774603174603175
        ],
        [
            0.9967613353263577,
            0.9888850295241405,
            0.9782135076252723,
            1.0,
            0.9981861575178997,
            0.9809523809523809
        ],
        [
            0.9987543597409069,
            0.9881903438693991,
            0.9782135076252723,
            0.9998901461056795,
            0.9983770883054892,
            0.9587301587301588
        ],
        [
            0.9977578475336323,
            0.9916637721431052,
            0.9782135076252723,
            1.0,
            1.0,
            0.9536507936507936
        ],
        [
            0.9957648231190832,
            0.9868009725599165,
            1.0,
            0.9998901461056795,
            0.9998090692124105,
            0.9774603174603175
        ],
        [
            1.0,
            0.976380687738798,
            0.9891067538126361,
            1.0,
            0.9964677804295943,
            0.9571428571428572
        ],
        [
            0.9975087194818137,
            0.990969086488364,
            0.9825708061002179,
            1.0,
            0.9967541766109785,
            0.9653968253968253
        ],
        [
            0.9962630792227205,
            0.9871483153872872,
            0.9760348583877996,
            1.0,
            1.0,
            0.9650793650793651
        ],
        [
            0.9980069755854509,
            0.9885376866967697,
            1.0,
            1.0,
            1.0,
            0.9593650793650794
        ],
        [
            0.9985052316890882,
            0.986453629732546,
            0.9934640522875817,
            1.0,
            1.0,
            0.9711111111111111
        ]
    ],
    "Train_times": [
        8.030307699999998,
        6.5520710000000015,
        6.6025636999999975,
        7.2286517,
        7.4690613,
        7.368318699999996,
        6.491663299999999,
        6.682049499999991,
        6.710956199999998,
        6.634992600000004
    ],
    "Test_times": [
        1.8712406999999995,
        1.8742930000000015,
        2.1156176,
        2.203269800000001,
        2.0510357,
        1.9108112999999918,
        1.8366371999999984,
        1.8875789000000083,
        1.9774581000000069,
        1.9330603000000082
    ],
    "OA_mean": 0.9943484042553191,
    "OA_std": 0.0011504773203914918,
    "AA_mean": 0.9891035608893881,
    "AA_std": 0.0022205681408110855,
    "Kappa_mean": 0.9924551772942094,
    "Kappa_std": 0.0015346524938264529,
    "Train_time_mean": 6.9770635699999985,
    "Test_time_mean": 1.9661002600000017,
    "Avg_EachAcc": [
        0.9979073243647235,
        0.9868704411253907,
        0.9843137254901961,
        0.9999450730528399,
        0.9989498806682576,
        0.9666349206349208
    ],
    "Std_EachAcc": [
        0.0013285791356226608,
        0.004109228599144255,
        0.010348010533366389,
        0.0001012802862495203,
        0.0013399206537105589,
        0.009150845275808056
    ]
}