{
    "dataset": "Muufl",
    "train_num": 20,
    "num_experiments": 10,
    "seeds": [
        1,
        2,
        3,
        4,
        5,
        6,
        7,
        8,
        9,
        10
    ],
    "OAs": [
        0.8474176646706587,
        0.8562874251497006,
        0.8654565868263472,
        0.8418413173652695,
        0.8559505988023952,
        0.8694049401197604,
        0.8524513473053892,
        0.8402320359281437,
        0.8392402694610779,
        0.8498877245508981
    ],
    "AAs": [
        0.8603459747656447,
        0.8532805041841495,
        0.8644587662013147,
        0.8588371854336152,
        0.847943616412475,
        0.865018592239122,
        0.8627757778876799,
        0.8512730576595061,
        0.8695564655867567,
        0.862515122495364
    ],
    "Kappas": [
        0.8036620158228525,
        0.8144434151684845,
        0.8249070502929237,
        0.7971964592722581,
        0.8141629903409062,
        0.8306807582380553,
        0.8099249275628224,
        0.7948311612320222,
        0.7949411747498261,
        0.806130516480993
    ],
    "EachAccs": [
        [
            0.876646861276156,
            0.7882352941176471,
            0.7075196735645585,
            0.8690275435637999,
            0.8212089395530223,
            0.9977578475336323,
            0.8576592860370538,
            0.95,
            0.7831501831501833,
            0.852760736196319,
            0.9598393574297188
        ],
        [
            0.8917592353397055,
            0.8162352941176471,
            0.702564849897989,
            0.8701517706576728,
            0.8516574171291436,
            1.0,
            0.8142792589245367,
            0.9607717041800643,
            0.6842490842490843,
            0.8466257668711656,
            0.9477911646586346
        ],
        [
            0.9083354860931715,
            0.7992941176470587,
            0.7397260273972602,
            0.9038785834738617,
            0.8261586920653967,
            1.0,
            0.7487573429733394,
            0.9760450160771704,
            0.7347985347985349,
            0.9202453987730062,
            0.9518072289156626
        ],
        [
            0.8696719194006717,
            0.7376470588235294,
            0.7365199650247741,
            0.9280494659921303,
            0.7835608219589021,
            0.9573991031390134,
            0.9489380930863082,
            0.9511254019292604,
            0.6542124542124541,
            0.9202453987730062,
            0.9598393574297188
        ],
        [
            0.8871523292861448,
            0.7475294117647059,
            0.7662489070241912,
            0.7998875772906127,
            0.8464076796160191,
            1.0,
            0.8910980569362856,
            0.9487138263665593,
            0.6937728937728938,
            0.754601226993865,
            0.9919678714859438
        ],
        [
            0.9109618530956687,
            0.8736470588235296,
            0.6856601573885165,
            0.8566610455311973,
            0.8783560821958902,
            0.9977578475336323,
            0.8653411658382286,
            0.9466237942122188,
            0.6351648351648351,
            0.8650306748466258,
            1.0
        ],
        [
            0.8868078877120469,
            0.8051764705882353,
            0.6709414164966482,
            0.8954468802698144,
            0.8446077696115194,
            1.0,
            0.8169905106190691,
            0.9744372990353698,
            0.7384615384615385,
            0.901840490797546,
            0.9558232931726907
        ],
        [
            0.8684663738913286,
            0.7715294117647059,
            0.7105800058292043,
            0.8431703204047217,
            0.8038098095095245,
            1.0,
            0.8748305467690918,
            0.9684887459807076,
            0.6798534798534799,
            0.8834355828220859,
            0.9598393574297188
        ],
        [
            0.849005424954792,
            0.7807058823529411,
            0.7266103176916352,
            0.893760539629005,
            0.815659217039148,
            1.0,
            0.9439674649796657,
            0.9506430868167203,
            0.7003663003663003,
            0.9325153374233127,
            0.9718875502008032
        ],
        [
            0.8965383621803151,
            0.688,
            0.7072282133488779,
            0.9460370994940978,
            0.8236088195590221,
            1.0,
            0.8793492995933121,
            0.9487138263665593,
            0.7003663003663003,
            0.901840490797546,
            0.9959839357429717
        ]
    ],
    "Train_times": [
        20.8442085,
        18.527030599999996,
        18.643237400000004,
        18.671065899999988,
        30.380654000000007,
        18.40625159999999,
        18.38681699999998,
        18.041501600000004,
        18.07596719999998,
        18.30853400000001
    ],
    "Test_times": [
        3.1532915999999993,
        3.2051785000000024,
        3.244131700000011,
        3.2142288000000008,
        3.3795729999999935,
        3.23472289999998,
        3.2440310000000068,
        3.143843699999991,
        3.2007863999999984,
        3.190323800000016
    ],
    "OA_mean": 0.851816991017964,
    "OA_std": 0.009735623995169747,
    "AA_mean": 0.8596005062865627,
    "AA_std": 0.006457298959212185,
    "Kappa_mean": 0.8090880469161144,
    "Kappa_std": 0.011638783772620528,
    "Train_time_mean": 19.828526779999997,
    "Test_time_mean": 3.2210111400000003,
    "Avg_EachAcc": [
        0.8845345733229999,
        0.7808,
        0.7153599533663655,
        0.8806070826306913,
        0.8295035248237588,
        0.9952914798206278,
        0.864121102575689,
        0.9575562700964628,
        0.7004395604395605,
        0.8779141104294478,
        0.9694779116465864
    ],
    "Std_EachAcc": [
        0.01810197159801054,
        0.04747069174126775,
        0.026319099551432357,
        0.040249999126416906,
        0.025433354828435,
        0.012661711124211213,
        0.057185008916671595,
        0.010857269217844193,
        0.04073740978805423,
        0.049723538448962275,
        0.018421437656513596
    ]
}