{
    "dataset": "Houston",
    "train_num": 20,
    "num_experiments": 10,
    "seeds": [
        1,
        2,
        3,
        4,
        5,
        6,
        7,
        8,
        9,
        10
    ],
    "OAs": [
        0.9682065217391305,
        0.9455163043478261,
        0.9475543478260868,
        0.9490489130434783,
        0.9552309782608696,
        0.9523097826086956,
        0.9505434782608695,
        0.9594429347826086,
        0.9483016304347827,
        0.9238451086956522
    ],
    "AAs": [
        0.9738587558506988,
        0.9511526195508638,
        0.9557499067333447,
        0.9580918840480532,
        0.9639519625773297,
        0.9614395560315693,
        0.9593305721078756,
        0.9601938292570522,
        0.956632899990051,
        0.9373053457894447
    ],
    "Kappas": [
        0.965623532510781,
        0.9410817713260704,
        0.9432892253300913,
        0.9449064069392337,
        0.9515880676200978,
        0.9484390886937849,
        0.9465243328941517,
        0.9561401418255397,
        0.9441008092865377,
        0.9176623938295576
    ],
    "EachAccs": [
        [
            0.9878147847278637,
            0.9959481361426257,
            0.9985228951255539,
            0.994281045751634,
            1.0,
            0.99672131147541,
            0.9943910256410257,
            0.8917145200984413,
            0.8896103896103896,
            0.9602319801159901,
            0.9314616019818331,
            0.9760923330585327,
            0.9910913140311804,
            1.0,
            1.0
        ],
        [
            0.9593826157595451,
            0.9927066450567261,
            0.9985228951255539,
            0.9983660130718954,
            1.0,
            0.9344262295081969,
            0.9094551282051282,
            0.8736669401148482,
            0.8457792207792206,
            0.9850869925434964,
            0.9578860445912469,
            0.8565539983511954,
            0.9554565701559021,
            1.0,
            1.0
        ],
        [
            0.8554021121039805,
            0.9943273905996759,
            0.9955686853766618,
            1.0,
            0.9950900163666121,
            0.99672131147541,
            0.9735576923076923,
            0.8219852337981952,
            0.9050324675324676,
            0.9710024855012428,
            0.9314616019818331,
            0.9406430338004946,
            0.9554565701559021,
            1.0,
            1.0
        ],
        [
            0.9805036555645816,
            0.9846029173419774,
            1.0,
            0.9975490196078431,
            0.9901800327332242,
            1.0,
            0.9863782051282051,
            0.77850697292863,
            0.8871753246753247,
            0.9768019884009942,
            0.9488026424442608,
            0.863149216817807,
            0.977728285077951,
            1.0,
            1.0
        ],
        [
            0.9187652315190902,
            0.9910858995137763,
            0.9985228951255539,
            0.9991830065359477,
            1.0,
            1.0,
            0.9487179487179486,
            0.940935192780968,
            0.8125,
            1.0,
            0.9653179190751444,
            0.8887056883759274,
            0.9955456570155902,
            1.0,
            1.0
        ],
        [
            0.9975629569455726,
            0.9821717990275528,
            1.0,
            0.9705882352941176,
            1.0,
            0.99672131147541,
            0.9254807692307694,
            0.9277504105090312,
            0.9042207792207794,
            0.9287489643744822,
            0.9678217821782178,
            0.8227535037098105,
            0.9977728285077951,
            1.0,
            1.0
        ],
        [
            0.9106417546709992,
            1.0,
            1.0,
            1.0,
            0.9852700490998363,
            0.9836065573770492,
            0.9799679487179486,
            0.8236259228876128,
            0.8303571428571429,
            0.984258492129246,
            0.9752270850536746,
            0.9216817807089861,
            0.9977728285077951,
            0.9975490196078431,
            1.0
        ],
        [
            0.9756295694557271,
            0.9740680713128039,
            1.0,
            0.9991830065359477,
            1.0,
            0.8688524590163934,
            0.9503205128205127,
            0.9081214109926169,
            0.9204545454545454,
            0.9817729908864954,
            0.9653179190751444,
            0.8763396537510304,
            0.9844097995545656,
            1.0,
            0.9984375
        ],
        [
            0.9902518277822908,
            0.9951377633711506,
            0.9985228951255539,
            0.9419934640522876,
            1.0,
            0.9803278688524589,
            0.9375,
            0.905582922824302,
            0.8717532467532467,
            0.9933719966859982,
            0.9315181518151815,
            0.8235779060181369,
            0.9799554565701559,
            1.0,
            1.0
        ],
        [
            0.950446791226645,
            0.8954619124797406,
            0.9881831610044313,
            0.9991830065359477,
            1.0,
            0.99672131147541,
            0.9358974358974359,
            0.8621821164889254,
            0.8125,
            0.9171499585749793,
            0.940545004128819,
            0.786479802143446,
            0.9821826280623608,
            0.9926470588235294,
            1.0
        ]
    ],
    "Train_times": [
        30.150140399999998,
        26.776450399999995,
        24.758466,
        24.9002682,
        24.921242500000005,
        53.60336140000001,
        24.60925899999998,
        24.51801230000001,
        24.434809299999984,
        24.42974029999999
    ],
    "Test_times": [
        0.9342836000000005,
        0.9063155000000052,
        0.8952574999999996,
        0.8953903000000025,
        0.8785354000000041,
        0.8684882999999957,
        0.8765945999999758,
        0.8735399000000257,
        0.8687016999999742,
        0.8796024000000102
    ],
    "OA_mean": 0.95,
    "OA_std": 0.010805517826598828,
    "AA_mean": 0.9577707331936285,
    "AA_std": 0.008870794070095596,
    "Kappa_mean": 0.9459355770255845,
    "Kappa_std": 0.011681928979556735,
    "Train_time_mean": 28.310174979999992,
    "Test_time_mean": 0.8876709199999994,
    "Avg_EachAcc": [
        0.9526401299756296,
        0.9805510534846029,
        0.9977843426883307,
        0.990032679738562,
        0.9970540098199674,
        0.9754098360655739,
        0.9541666666666666,
        0.8734071643423571,
        0.8679383116883118,
        0.9698425849212924,
        0.9515359752325356,
        0.8755976916735367,
        0.9817371937639198,
        0.9990196078431373,
        0.9998437499999999
    ],
    "Std_EachAcc": [
        0.04288557235289724,
        0.029287997581782136,
        0.0034483360502005306,
        0.01811000131045414,
        0.005007220471613225,
        0.0401890185971517,
        0.026786800250363205,
        0.04933887221318596,
        0.037887763701533725,
        0.025793388193269755,
        0.016067514607340454,
        0.05530314108988697,
        0.01483369782213512,
        0.0022463606347822664,
        0.00046875000000000665
    ]
}