{
    "dataset": "Trento",
    "train_num": 20,
    "num_experiments": 10,
    "seeds": [
        1,
        2,
        3,
        4,
        5,
        6,
        7,
        8,
        9,
        10
    ],
    "OAs": [
        0.9956781914893617,
        0.9959773936170212,
        0.9933510638297872,
        0.9942154255319149,
        0.9955784574468085,
        0.9907912234042553,
        0.9937167553191489,
        0.9942819148936171,
        0.9939162234042552,
        0.9951462765957447
    ],
    "AAs": [
        0.9886136065173775,
        0.9906560643096344,
        0.986555561450691,
        0.9876696572007995,
        0.9930894506393964,
        0.9849455830185373,
        0.9887053004591116,
        0.9877747920672162,
        0.9902378194638582,
        0.9905780539287011
    ],
    "Kappas": [
        0.994228136122732,
        0.9946288684657794,
        0.991122842560604,
        0.9922762768361757,
        0.9940979339533547,
        0.9877123536093745,
        0.9916128704889232,
        0.9923645275853762,
        0.9918796276232527,
        0.993519163053081
    ],
    "EachAccs": [
        [
            0.9992526158445441,
            0.9836748871135811,
            0.9694989106753813,
            0.9998901461056795,
            1.0,
            0.9793650793650793
        ],
        [
            0.9965122072745392,
            0.9871483153872872,
            0.9782135076252723,
            1.0,
            0.9995226730310263,
            0.9825396825396825
        ],
        [
            0.9987543597409069,
            0.981938172976728,
            0.9782135076252723,
            0.9998901461056795,
            0.9989498806682577,
            0.9615873015873015
        ],
        [
            0.9977578475336323,
            0.9913164293157347,
            0.9782135076252723,
            1.0,
            1.0,
            0.9587301587301588
        ],
        [
            0.9947683109118085,
            0.9871483153872872,
            1.0,
            0.9998901461056795,
            0.9999045346062051,
            0.9768253968253968
        ],
        [
            1.0,
            0.9736019451198332,
            0.9912854030501088,
            1.0,
            0.9968496420047732,
            0.947936507936508
        ],
        [
            0.9965122072745392,
            0.9916637721431052,
            0.9825708061002179,
            1.0,
            0.9970405727923628,
            0.9644444444444444
        ],
        [
            0.9965122072745392,
            0.984716915595693,
            0.9782135076252723,
            1.0,
            0.9999045346062051,
            0.9673015873015873
        ],
        [
            0.9977578475336323,
            0.984716915595693,
            1.0,
            1.0,
            0.9999045346062051,
            0.9590476190476189
        ],
        [
            0.9985052316890882,
            0.9826328586314692,
            0.9891067538126361,
            0.9998901461056795,
            1.0,
            0.9733333333333334
        ]
    ],
    "Train_times": [
        30.938048300000002,
        6.528335599999998,
        6.687829600000001,
        6.6428696999999985,
        6.567752499999997,
        6.536225900000005,
        6.513960699999998,
        6.546812299999999,
        6.563697900000008,
        6.534613900000011
    ],
    "Test_times": [
        1.7996801999999974,
        2.071090699999999,
        2.168991300000002,
        2.2571451999999965,
        1.825117800000001,
        1.8211849000000058,
        1.8221755000000002,
        1.8120625000000103,
        1.8275933000000038,
        1.8354621000000009
    ],
    "OA_mean": 0.9942652925531915,
    "OA_std": 0.0014407839663818191,
    "AA_mean": 0.9888825889055324,
    "AA_std": 0.0022197167425447206,
    "Kappa_mean": 0.9923442600298653,
    "Kappa_std": 0.0019216258305746632,
    "Train_time_mean": 9.006014640000002,
    "Test_time_mean": 1.9240503500000017,
    "Avg_EachAcc": [
        0.997633283507723,
        0.9848558527266411,
        0.9845315904139433,
        0.9999560584422719,
        0.9992076372315036,
        0.9671111111111109
    ],
    "Std_EachAcc": [
        0.0014916509596335766,
        0.004900365985008252,
        0.009667410776616035,
        5.3817197468570206e-05,
        0.0011731372424761074,
        0.010304705180334632
    ]
}