{
    "dataset": "Muufl",
    "train_num": 20,
    "num_experiments": 10,
    "seeds": [
        1,
        2,
        3,
        4,
        5,
        6,
        7,
        8,
        9,
        10
    ],
    "OAs": [
        0.8472679640718563,
        0.8568113772455089,
        0.8607410179640719,
        0.8407747005988024,
        0.8618076347305389,
        0.8689745508982036,
        0.859056886227545,
        0.8397080838323353,
        0.8383794910179642,
        0.8519835329341318
    ],
    "AAs": [
        0.8567145907481297,
        0.8598523191152087,
        0.8624477985518151,
        0.8614387715671097,
        0.8520423985502403,
        0.8630392842282135,
        0.8639282669521416,
        0.8479130315607786,
        0.8677765399567925,
        0.8626956858974141
    ],
    "Kappas": [
        0.8036210462656861,
        0.8148899534385918,
        0.819204607482598,
        0.7961769680594625,
        0.8214664118487337,
        0.8300088426076919,
        0.8175678412855129,
        0.7944301301588976,
        0.7942011792448398,
        0.8090044411574076
    ],
    "EachAccs": [
        [
            0.8772926892275897,
            0.8127058823529412,
            0.6656951326143983,
            0.897133220910624,
            0.8473076346182691,
            0.9977578475336323,
            0.8382286488929056,
            0.9501607717041801,
            0.7721611721611723,
            0.7975460122699386,
            0.9678714859437751
        ],
        [
            0.9002841642986309,
            0.8068235294117647,
            0.6524336928009327,
            0.8516020236087691,
            0.864256787160642,
            1.0,
            0.8441030275643923,
            0.9652733118971061,
            0.7282051282051282,
            0.8895705521472392,
            0.9558232931726907
        ],
        [
            0.9076035477482133,
            0.7875294117647058,
            0.7303993004954825,
            0.8740865654862282,
            0.8084595770211489,
            1.0,
            0.7406235878897425,
            0.9784565916398713,
            0.7714285714285716,
            0.9325153374233127,
            0.9558232931726907
        ],
        [
            0.8676052699560838,
            0.7559999999999999,
            0.6941125036432527,
            0.9224283305227656,
            0.8071096445177741,
            0.9708520179372198,
            0.9493899683687304,
            0.9549839228295821,
            0.6732600732600733,
            0.9202453987730062,
            0.9598393574297188
        ],
        [
            0.8967966933608886,
            0.7941176470588235,
            0.7191780821917808,
            0.8133783024170883,
            0.8671066446677667,
            1.0,
            0.8816086760054225,
            0.957556270096463,
            0.7084249084249085,
            0.7423312883435584,
            0.9919678714859438
        ],
        [
            0.9108326875053819,
            0.8197647058823531,
            0.695861264937336,
            0.8605958403597527,
            0.8977051147442627,
            0.9977578475336323,
            0.8590149118843199,
            0.9456591639871382,
            0.6534798534798534,
            0.852760736196319,
            1.0
        ],
        [
            0.9010591578403513,
            0.7809411764705882,
            0.6891576799766832,
            0.9038785834738617,
            0.8576571171441428,
            1.0,
            0.8020786262991415,
            0.969935691318328,
            0.7040293040293041,
            0.9386503067484662,
            0.9558232931726907
        ],
        [
            0.8629122535089987,
            0.7863529411764706,
            0.7201981929466628,
            0.864530635188308,
            0.8105594720263987,
            0.9977578475336323,
            0.8784455490284683,
            0.9630225080385852,
            0.6205128205128205,
            0.8588957055214724,
            0.963855421686747
        ],
        [
            0.838973564109188,
            0.7910588235294118,
            0.7341882832993296,
            0.8898257448004497,
            0.8294585270736463,
            1.0,
            0.9426118391323994,
            0.9522508038585209,
            0.7054945054945055,
            0.901840490797546,
            0.9598393574297188
        ],
        [
            0.8941272711616292,
            0.7061176470588235,
            0.7038764208685514,
            0.9673974142776841,
            0.83950802459877,
            0.9977578475336323,
            0.8725711703569814,
            0.9445337620578779,
            0.715018315018315,
            0.852760736196319,
            0.9959839357429717
        ]
    ],
    "Train_times": [
        27.150790999999998,
        20.349921000000002,
        23.807086600000005,
        20.545106099999998,
        21.40913830000001,
        21.076025299999998,
        20.786689100000018,
        20.500531300000006,
        21.137635000000017,
        21.130591899999985
    ],
    "Test_times": [
        3.662498399999997,
        3.8029499000000015,
        3.946044200000003,
        3.8100749999999977,
        4.181034299999993,
        3.803163699999999,
        3.742833999999988,
        4.099545699999993,
        4.031616800000023,
        4.062823400000013
    ],
    "OA_mean": 0.8525505239520956,
    "OA_std": 0.010077985662318888,
    "AA_mean": 0.8597848687127844,
    "AA_std": 0.005658999409519525,
    "Kappa_mean": 0.8100571421549422,
    "Kappa_std": 0.011926820114740203,
    "Train_time_mean": 21.789351560000007,
    "Test_time_mean": 3.914258540000001,
    "Avg_EachAcc": [
        0.8857487298716954,
        0.7841411764705881,
        0.700510055377441,
        0.8844856661045531,
        0.8429128543572821,
        0.9961883408071751,
        0.8608676005422502,
        0.9581832797427653,
        0.7052014652014653,
        0.8687116564417178,
        0.9706827309236946
    ],
    "Std_EachAcc": [
        0.022033824113874063,
        0.03106937432201117,
        0.02547522766524801,
        0.04011636266718201,
        0.02826314459625362,
        0.008511324168655734,
        0.05840055799781297,
        0.01037381212071342,
        0.04513819403269794,
        0.05898510597164124,
        0.017043449938893944
    ]
}