{
    "dataset": "Trento",
    "train_num": 20,
    "num_experiments": 10,
    "seeds": [
        1,
        2,
        3,
        4,
        5,
        6,
        7,
        8,
        9,
        10
    ],
    "OAs": [
        0.9962101063829788,
        0.9959773936170212,
        0.9933843085106383,
        0.9942154255319149,
        0.9962433510638298,
        0.9930186170212765,
        0.9939162234042552,
        0.9951130319148936,
        0.994315159574468,
        0.9952127659574468
    ],
    "AAs": [
        0.9890975711365173,
        0.9905194452333184,
        0.9864336988127468,
        0.9876063396369642,
        0.9940240771652674,
        0.986429430618822,
        0.9877278355650917,
        0.9891473475731513,
        0.9907446655408002,
        0.9912604052294398
    ],
    "Kappas": [
        0.9949384036349262,
        0.9946285962958876,
        0.9911665858246963,
        0.9922762254311298,
        0.9949847549336568,
        0.9906797644069657,
        0.9918774367558776,
        0.9934747329592061,
        0.992411349987713,
        0.9936084230746774
    ],
    "EachAccs": [
        [
            0.9997508719481814,
            0.9840222299409517,
            0.9673202614379085,
            1.0,
            1.0,
            0.9834920634920635
        ],
        [
            0.9970104633781763,
            0.9843695727683223,
            0.9782135076252723,
            1.0,
            0.9997136038186157,
            0.9838095238095238
        ],
        [
            0.9990034877927255,
            0.9781174018756512,
            0.9782135076252723,
            1.0,
            0.9991408114558472,
            0.9641269841269842
        ],
        [
            0.9975087194818137,
            0.9861062869051754,
            0.9782135076252723,
            1.0,
            1.0,
            0.9638095238095238
        ],
        [
            0.9967613353263577,
            0.984716915595693,
            1.0,
            1.0,
            0.9998090692124105,
            0.9828571428571429
        ],
        [
            1.0,
            0.9725599166377215,
            0.9782135076252723,
            1.0,
            0.9973269689737471,
            0.9704761904761905
        ],
        [
            0.9970104633781763,
            0.9874956582146579,
            0.9782135076252723,
            1.0,
            0.9985680190930788,
            0.9650793650793651
        ],
        [
            0.9965122072745392,
            0.9881903438693991,
            0.9782135076252723,
            1.0,
            0.9999045346062051,
            0.9720634920634921
        ],
        [
            0.9980069755854509,
            0.9791594303577631,
            1.0,
            1.0,
            1.0,
            0.9673015873015873
        ],
        [
            0.9992526158445441,
            0.9843695727683223,
            0.9934640522875817,
            1.0,
            1.0,
            0.9704761904761905
        ]
    ],
    "Train_times": [
        8.207488,
        6.654100499999998,
        6.7464181,
        6.709282600000002,
        6.731693900000003,
        6.7595355999999995,
        6.6877865999999955,
        6.783992299999994,
        6.740632500000004,
        6.525477499999994
    ],
    "Test_times": [
        1.9104548999999995,
        1.8953072000000013,
        1.9109183000000058,
        1.9204641999999978,
        1.933298900000004,
        1.9118348000000012,
        1.9224756999999926,
        1.97627150000001,
        1.9544328999999863,
        1.8889805999999965
    ],
    "OA_mean": 0.9947606382978723,
    "OA_std": 0.0011066234970256907,
    "AA_mean": 0.9892990816512119,
    "AA_std": 0.0022714424537574763,
    "Kappa_mean": 0.9930046273304736,
    "Kappa_std": 0.0014771502983103551,
    "Train_time_mean": 6.854640759999998,
    "Test_time_mean": 1.9224438999999998,
    "Avg_EachAcc": [
        0.9980817140009964,
        0.9829107328933657,
        0.9830065359477123,
        1.0,
        0.9994463007159904,
        0.9723492063492065
    ],
    "Std_EachAcc": [
        0.0012458893622371724,
        0.004604880422140062,
        0.0103480105333664,
        0.0,
        0.000836398896947358,
        0.007693354581163815
    ]
}