{
    "dataset": "Houston",
    "train_num": 20,
    "num_experiments": 10,
    "seeds": [
        1,
        2,
        3,
        4,
        5,
        6,
        7,
        8,
        9,
        10
    ],
    "OAs": [
        0.9640625,
        0.9414402173913043,
        0.9443614130434783,
        0.9552309782608696,
        0.9451766304347826,
        0.9502038043478261,
        0.9494565217391304,
        0.9554347826086956,
        0.9398097826086956,
        0.9205842391304347
    ],
    "AAs": [
        0.9704400873827439,
        0.9480282098276279,
        0.9533696398804904,
        0.9628112580166721,
        0.9553910850794606,
        0.9593556953953013,
        0.9580307559829361,
        0.95668558826131,
        0.9490823794265065,
        0.9348984533835075
    ],
    "Kappas": [
        0.9611425812095142,
        0.936684123794937,
        0.9398355250431991,
        0.9515891746434069,
        0.9407162143896489,
        0.9461579117883103,
        0.9453422606988727,
        0.9517998000157314,
        0.9349219175982872,
        0.9141488576531756
    ],
    "EachAccs": [
        [
            1.0,
            0.9675850891410049,
            1.0,
            0.9419934640522876,
            1.0,
            0.99672131147541,
            0.9759615384615384,
            0.9237079573420837,
            0.8936688311688311,
            0.9792874896437448,
            0.9149463253509497,
            0.9760923330585327,
            0.9866369710467705,
            1.0,
            1.0
        ],
        [
            0.9837530463038181,
            0.9894651539708267,
            0.9970457902511078,
            0.9836601307189542,
            1.0,
            0.9377049180327869,
            0.9046474358974359,
            0.8252666119770303,
            0.8133116883116884,
            0.9966859983429992,
            0.9727497935590421,
            0.8606760098928277,
            0.9554565701559021,
            1.0,
            1.0
        ],
        [
            0.8554021121039805,
            0.9910858995137763,
            0.9955686853766618,
            1.0,
            1.0,
            1.0,
            0.9607371794871795,
            0.8137817883511075,
            0.9025974025974025,
            1.0,
            0.9174236168455822,
            0.9084913437757627,
            0.9554565701559021,
            1.0,
            1.0
        ],
        [
            0.9796913078797725,
            0.9870340356564019,
            1.0,
            1.0,
            1.0,
            0.99672131147541,
            0.9871794871794873,
            0.8031173092698932,
            0.8961038961038961,
            0.984258492129246,
            0.9488026424442608,
            0.8837592745259687,
            0.9755011135857461,
            1.0,
            1.0
        ],
        [
            0.9114541023558083,
            0.9943273905996759,
            0.9985228951255539,
            0.9975490196078431,
            0.9975450081833059,
            0.9934426229508196,
            0.936698717948718,
            0.8851517637407711,
            0.7743506493506493,
            0.9991714995857498,
            0.9719240297274979,
            0.8796372629843363,
            0.9910913140311804,
            1.0,
            1.0
        ],
        [
            1.0,
            0.9878444084278768,
            0.9985228951255539,
            0.9411764705882352,
            1.0,
            0.9901639344262295,
            0.938301282051282,
            0.8801313628899837,
            0.9131493506493507,
            0.9370339685169843,
            0.9678217821782178,
            0.8384171475680132,
            0.9977728285077951,
            1.0,
            1.0
        ],
        [
            0.9130787977254264,
            1.0,
            1.0,
            0.9656862745098038,
            0.992635024549918,
            0.9770491803278688,
            0.969551282051282,
            0.8162428219852338,
            0.8538961038961039,
            0.9917149958574979,
            0.976878612716763,
            0.9208573784006595,
            0.9977728285077951,
            0.9950980392156863,
            1.0
        ],
        [
            0.9772542648253453,
            0.9821717990275528,
            1.0,
            0.9991830065359477,
            1.0,
            0.8754098360655738,
            0.922275641025641,
            0.874487284659557,
            0.9131493506493507,
            0.980115990057995,
            0.9710982658959537,
            0.887881286067601,
            0.9688195991091314,
            1.0,
            0.9984375
        ],
        [
            0.9886271324126725,
            0.9927066450567261,
            0.9985228951255539,
            0.9395424836601307,
            0.9991816693944354,
            0.9770491803278688,
            0.9102564102564102,
            0.8596059113300493,
            0.8693181818181818,
            0.9950289975144987,
            0.9249174917491749,
            0.8153338829348722,
            0.9710467706013363,
            0.9950980392156863,
            1.0
        ],
        [
            0.9447603574329814,
            0.8938411669367909,
            0.9940915805022157,
            1.0,
            1.0,
            1.0,
            0.9270833333333335,
            0.8195242001640689,
            0.8189935064935063,
            0.9304059652029825,
            0.9421965317919075,
            0.7815333882934872,
            0.9710467706013363,
            1.0,
            1.0
        ]
    ],
    "Train_times": [
        14.731873100000001,
        13.091591099999999,
        13.2240167,
        13.4020632,
        12.922293699999997,
        12.7405677,
        12.715854300000018,
        12.921480799999983,
        12.910423600000001,
        12.830452900000012
    ],
    "Test_times": [
        0.5470228999999982,
        0.5009285000000006,
        0.546664199999995,
        0.5543610999999942,
        0.49969569999998953,
        0.4959216000000026,
        0.5118160000000103,
        0.5539981999999952,
        0.5187946000000068,
        0.5099699000000157
    ],
    "OA_mean": 0.9465760869565217,
    "OA_std": 0.011114022469444786,
    "AA_mean": 0.9548093152636555,
    "AA_std": 0.009058446362304982,
    "Kappa_mean": 0.9422338366835084,
    "Kappa_std": 0.01201131085599745,
    "Train_time_mean": 13.149061710000002,
    "Test_time_mean": 0.5239172700000008,
    "Avg_EachAcc": [
        0.9554021121039804,
        0.9786061588330635,
        0.9982274741506647,
        0.9768790849673202,
        0.9989361702127659,
        0.9744262295081967,
        0.9432692307692309,
        0.8501017011709777,
        0.8648538961038961,
        0.9793703396851698,
        0.950875909225935,
        0.8752679307502061,
        0.9770601336302895,
        0.9990196078431373,
        0.9998437499999999
    ],
    "Std_EachAcc": [
        0.045594999404945775,
        0.029415973491274273,
        0.001959601057817065,
        0.025662049520552427,
        0.002227603533357853,
        0.03752057574011797,
        0.027101344337348284,
        0.03802369416801636,
        0.04581151861041584,
        0.0239362071743702,
        0.023360645173712613,
        0.0524854290629074,
        0.01490874652220894,
        0.0019607843137254832,
        0.00046875000000000665
    ]
}