{
    "dataset": "Muufl",
    "train_num": 20,
    "num_experiments": 10,
    "seeds": [
        1,
        2,
        3,
        4,
        5,
        6,
        7,
        8,
        9,
        10
    ],
    "OAs": [
        0.8512911676646706,
        0.8632110778443114,
        0.8674401197604792,
        0.8437312874251497,
        0.854247754491018,
        0.8731661676646706,
        0.8554079341317365,
        0.8386788922155689,
        0.836133982035928,
        0.8502806886227545
    ],
    "AAs": [
        0.8600033420926743,
        0.8567964467315686,
        0.86657539586114,
        0.8583193143234478,
        0.8458914959883441,
        0.8668948452901598,
        0.8618446477604383,
        0.8495502389590825,
        0.865832228448473,
        0.8625902498267507
    ],
    "Kappas": [
        0.8083142461194064,
        0.8227541179661404,
        0.827210928654478,
        0.7993788450560373,
        0.8119364323915778,
        0.8351272577559363,
        0.813678172889056,
        0.793112705127013,
        0.7912111058747358,
        0.8067727398045829
    ],
    "EachAccs": [
        [
            0.8848273486609834,
            0.787764705882353,
            0.6926552025648499,
            0.864530635188308,
            0.84010799460027,
            0.9977578475336323,
            0.8522367826479892,
            0.9546623794212219,
            0.772893772893773,
            0.852760736196319,
            0.9598393574297188
        ],
        [
            0.9063118918453458,
            0.8141176470588235,
            0.7003788982803847,
            0.8853288364249579,
            0.8552572371381431,
            1.0,
            0.825576140985088,
            0.9580385852090032,
            0.6813186813186813,
            0.8466257668711656,
            0.9518072289156626
        ],
        [
            0.9149229311977956,
            0.8023529411764706,
            0.7219469542407463,
            0.9218662169758293,
            0.8249587520623969,
            1.0,
            0.7659286037053774,
            0.97524115755627,
            0.7391941391941392,
            0.9141104294478528,
            0.9518072289156626
        ],
        [
            0.8743218806509945,
            0.7407058823529412,
            0.7235499854269892,
            0.9381675098369872,
            0.800209989500525,
            0.952914798206278,
            0.947582467239042,
            0.9427652733118971,
            0.6534798534798534,
            0.9079754601226994,
            0.9598393574297188
        ],
        [
            0.8893481443210195,
            0.7468235294117647,
            0.7341882832993296,
            0.7976391231028669,
            0.8617069146542673,
            1.0,
            0.8779936737460461,
            0.9495176848874598,
            0.6989010989010989,
            0.7607361963190185,
            0.9879518072289156
        ],
        [
            0.919831223628692,
            0.867764705882353,
            0.6877003788982805,
            0.8611579539066893,
            0.8785060746962653,
            0.9977578475336323,
            0.8662449164030729,
            0.9427652733118971,
            0.649084249084249,
            0.8650306748466258,
            1.0
        ],
        [
            0.8875828812537673,
            0.8030588235294117,
            0.6840571262022734,
            0.8926363125351321,
            0.8543572821358932,
            1.0,
            0.8138273836421148,
            0.9768488745980707,
            0.7347985347985349,
            0.8773006134969326,
            0.9558232931726907
        ],
        [
            0.8659261172823559,
            0.7835294117647059,
            0.6871174584669193,
            0.8549747048903878,
            0.8102594870256488,
            1.0,
            0.8788974243108902,
            0.9742765273311897,
            0.6652014652014651,
            0.8650306748466258,
            0.9598393574297188
        ],
        [
            0.8455179540170499,
            0.7816470588235294,
            0.7258816671524337,
            0.883080382237212,
            0.8119094045297736,
            1.0,
            0.9394487121554451,
            0.9451768488745981,
            0.7054945054945055,
            0.9141104294478528,
            0.9718875502008032
        ],
        [
            0.89184534573323,
            0.6809411764705883,
            0.7094141649664821,
            0.9527824620573356,
            0.8431078446077698,
            1.0,
            0.8879349299593312,
            0.9446945337620579,
            0.7106227106227107,
            0.8711656441717791,
            0.9959839357429717
        ]
    ],
    "Train_times": [
        21.900857799999997,
        19.149918,
        19.314595599999997,
        19.193571500000004,
        19.3149478,
        19.26348759999999,
        19.423285900000025,
        19.115396500000003,
        18.627448499999986,
        18.96761520000001
    ],
    "Test_times": [
        3.3886833000000003,
        3.4284158999999974,
        3.4423143000000067,
        3.4019359000000122,
        3.4084444000000076,
        3.4001891000000057,
        3.4238504000000205,
        3.350553899999994,
        3.328327300000012,
        3.4374937000000045
    ],
    "OA_mean": 0.8533589071856287,
    "OA_std": 0.011451222062917195,
    "AA_mean": 0.8594298205282079,
    "AA_std": 0.006730420079916771,
    "Kappa_mean": 0.8109496551638962,
    "Kappa_std": 0.01364841429221333,
    "Train_time_mean": 19.427112440000002,
    "Test_time_mean": 3.4010208200000065,
    "Avg_EachAcc": [
        0.8880435718591235,
        0.7808705882352941,
        0.7066890119498689,
        0.8852164137155707,
        0.8380380980950953,
        0.9948430493273543,
        0.8655671034794399,
        0.9563987138263667,
        0.701098901098901,
        0.867484662576687,
        0.9694779116465861
    ],
    "Std_EachAcc": [
        0.021399282182841605,
        0.04735320277604028,
        0.01772476547309039,
        0.042851932769964025,
        0.024180707762086823,
        0.014004032708185829,
        0.052344734183863526,
        0.013343819003902748,
        0.0380910113180635,
        0.04261044258695789,
        0.01752403552551922
    ]
}