{
    "dataset": "Muufl",
    "train_num": 20,
    "num_experiments": 10,
    "seeds": [
        1,
        2,
        3,
        4,
        5,
        6,
        7,
        8,
        9,
        10
    ],
    "OAs": [
        0.8192739520958083,
        0.8416541916167666,
        0.8500935628742515,
        0.830127245508982,
        0.8524139221556887,
        0.8620508982035928,
        0.8484281437125748,
        0.835741017964072,
        0.8254491017964072,
        0.847623502994012
    ],
    "AAs": [
        0.8404050347079955,
        0.8490725750687073,
        0.854638409386191,
        0.8550822019950253,
        0.8468664326339191,
        0.8556932474600129,
        0.859629834520904,
        0.8426760018804131,
        0.8555664672424921,
        0.8614887158215642
    ],
    "Kappas": [
        0.7692044425097971,
        0.7961248429016807,
        0.8052362927495784,
        0.782786386137224,
        0.8092072976726774,
        0.8207538995646202,
        0.8047947662543053,
        0.7888905468604037,
        0.7779329011091782,
        0.8036484022534754
    ],
    "EachAccs": [
        [
            0.8425040902436924,
            0.7647058823529411,
            0.6607403089478286,
            0.8724002248454188,
            0.7892605369731513,
            0.9977578475336323,
            0.859918662449164,
            0.9458199356913183,
            0.7435897435897436,
            0.8159509202453986,
            0.9518072289156626
        ],
        [
            0.8815982089038147,
            0.8037647058823529,
            0.6502477411833286,
            0.8650927487352447,
            0.8327583620818959,
            1.0,
            0.8237686398553999,
            0.9496784565916399,
            0.717948717948718,
            0.8711656441717791,
            0.9437751004016064
        ],
        [
            0.9081632653061225,
            0.7974117647058825,
            0.6938210434275721,
            0.8875772906127036,
            0.7582120893955302,
            1.0,
            0.7776773610483506,
            0.9672025723472669,
            0.7164835164835165,
            0.9386503067484662,
            0.9558232931726907
        ],
        [
            0.8615344872126066,
            0.7757647058823529,
            0.6773535412416206,
            0.9201798763350196,
            0.7721613919304035,
            0.9955156950672646,
            0.9403524627202892,
            0.9356913183279743,
            0.6512820512820512,
            0.9202453987730062,
            0.9558232931726907
        ],
        [
            0.8989925083957634,
            0.760235294117647,
            0.704167881084232,
            0.7813378302417088,
            0.8324583770811459,
            1.0,
            0.8987799367374605,
            0.9458199356913183,
            0.717948717948718,
            0.8159509202453986,
            0.9598393574297188
        ],
        [
            0.9125118401791096,
            0.804235294117647,
            0.6836199358787526,
            0.8870151770657673,
            0.8683065846707665,
            0.9977578475336323,
            0.868504292815183,
            0.9282958199356913,
            0.6402930402930402,
            0.8220858895705522,
            1.0
        ],
        [
            0.8817273744941015,
            0.812,
            0.6700670358496065,
            0.8965711073636875,
            0.8381580920953953,
            1.0,
            0.8549480343425215,
            0.9520900321543408,
            0.7252747252747253,
            0.8773006134969326,
            0.9477911646586346
        ],
        [
            0.8723843967966932,
            0.7912941176470588,
            0.6703584960652872,
            0.8819561551433389,
            0.7819109044547773,
            0.9977578475336323,
            0.8856755535472209,
            0.9694533762057876,
            0.6183150183150183,
            0.8404907975460122,
            0.9598393574297188
        ],
        [
            0.8472401618875398,
            0.7534117647058823,
            0.7064995628096766,
            0.8712759977515457,
            0.7693115344232788,
            1.0,
            0.9444193402620875,
            0.9356913183279743,
            0.7032967032967034,
            0.9202453987730062,
            0.9598393574297188
        ],
        [
            0.8895634203048308,
            0.7044705882352941,
            0.6974642961235792,
            0.9634626194491287,
            0.8354582270886456,
            1.0,
            0.8892905558065973,
            0.9334405144694534,
            0.7062271062271063,
            0.8650306748466258,
            0.9919678714859438
        ]
    ],
    "Train_times": [
        39.6724103,
        36.589588000000006,
        36.07954460000002,
        6.08070330000001,
        6.364473700000019,
        8.967398299999985,
        8.2882046,
        6.945732300000003,
        34.29650609999999,
        6.407378199999982
    ],
    "Test_times": [
        13.493104100000004,
        13.21310840000001,
        2.081062399999979,
        1.8753817999999853,
        1.9906845000000146,
        1.9751111999999864,
        2.365592200000009,
        2.726136199999985,
        2.504560099999992,
        1.9687873999999965
    ],
    "OA_mean": 0.8412855538922155,
    "OA_std": 0.012706284909430534,
    "AA_mean": 0.8521118920717224,
    "AA_std": 0.0066876702573382615,
    "Kappa_mean": 0.7958579778012941,
    "Kappa_std": 0.015092127388893109,
    "Train_time_mean": 18.969193940000004,
    "Test_time_mean": 4.419352829999996,
    "Avg_EachAcc": [
        0.8796219753724275,
        0.776729411764706,
        0.6814339842611483,
        0.8826869027543565,
        0.8077996100194991,
        0.9988789237668161,
        0.8743334839584275,
        0.9463183279742765,
        0.6940659340659341,
        0.8687116564417178,
        0.9626506024096384
    ],
    "Std_EachAcc": [
        0.02276970691958277,
        0.030909525300872244,
        0.017971187317185576,
        0.04357018212872953,
        0.03578125720209617,
        0.0015040815992151094,
        0.0476836346825542,
        0.013164336244638477,
        0.03970290451428055,
        0.04339813296644762,
        0.01751022438280455
    ]
}