{
    "dataset": "Trento",
    "train_num": 20,
    "num_experiments": 10,
    "seeds": [
        1,
        2,
        3,
        4,
        5,
        6,
        7,
        8,
        9,
        10
    ],
    "OAs": [
        0.9928856382978724,
        0.9937167553191489,
        0.9897606382978723,
        0.9933510638297872,
        0.9970412234042553,
        0.9936170212765958,
        0.992719414893617,
        0.988530585106383,
        0.9928856382978724,
        0.9932513297872341
    ],
    "AAs": [
        0.9839325071478475,
        0.9870275581524881,
        0.980480776196934,
        0.9858378877260706,
        0.9952725573315274,
        0.9899086016691566,
        0.98459001838097,
        0.9779247952453147,
        0.987689729289321,
        0.9887228362386652
    ],
    "Kappas": [
        0.9904983196435818,
        0.991608968993023,
        0.9863095310028143,
        0.9911213162581349,
        0.9960497480662318,
        0.9914769259266933,
        0.9902761939277227,
        0.9846822003594673,
        0.9905000759337783,
        0.9909906420839331
    ],
    "EachAccs": [
        [
            0.9982561036372695,
            0.9447724904480722,
            0.971677559912854,
            1.0,
            1.0,
            0.9888888888888888
        ],
        [
            0.9965122072745392,
            0.9520666898228552,
            0.9825708061002179,
            1.0,
            0.9999045346062051,
            0.9911111111111112
        ],
        [
            1.0,
            0.9812434873219869,
            0.9782135076252723,
            1.0,
            0.9996181384248211,
            0.9238095238095237
        ],
        [
            1.0,
            0.966655088572421,
            0.9782135076252723,
            1.0,
            1.0,
            0.9701587301587301
        ],
        [
            0.9975087194818137,
            0.9881903438693991,
            1.0,
            1.0,
            0.9999045346062051,
            0.986031746031746
        ],
        [
            0.9970104633781763,
            0.9597082320250087,
            1.0,
            0.9995605844227178,
            0.9990453460620526,
            0.9841269841269841
        ],
        [
            0.9980069755854509,
            0.9433831191385897,
            0.9782135076252723,
            1.0,
            1.0,
            0.9879365079365079
        ],
        [
            0.9975087194818137,
            0.9635290031260854,
            0.9760348583877996,
            1.0,
            1.0,
            0.9304761904761905
        ],
        [
            0.9997508719481814,
            0.9736019451198332,
            0.9956427015250546,
            1.0,
            1.0,
            0.9571428571428572
        ],
        [
            0.9980069755854509,
            0.9562348037513025,
            1.0,
            1.0,
            1.0,
            0.9780952380952381
        ]
    ],
    "Train_times": [
        8.1507897,
        16.5902071,
        16.847381400000003,
        16.9344332,
        16.795785600000002,
        9.741433400000005,
        2.3204524999999876,
        2.1604805000000056,
        2.128560399999998,
        2.0727328000000114
    ],
    "Test_times": [
        5.554527299999997,
        7.630610500000003,
        7.851197400000004,
        7.698833800000003,
        7.599389600000023,
        1.4010176999999828,
        1.0897257000000025,
        1.093915299999992,
        1.0634840999999824,
        1.0681162999999856
    ],
    "OA_mean": 0.992775930851064,
    "OA_std": 0.002179089296337688,
    "AA_mean": 0.9861387267378294,
    "AA_std": 0.00462978997228509,
    "Kappa_mean": 0.9903513922195379,
    "Kappa_std": 0.0029128463051883726,
    "Train_time_mean": 9.374225660000002,
    "Test_time_mean": 4.205081769999998,
    "Avg_EachAcc": [
        0.9982561036372696,
        0.9629385203195554,
        0.9860566448801741,
        0.9999560584422718,
        0.9998472553699284,
        0.9697777777777776
    ],
    "Std_EachAcc": [
        0.0011895701431303615,
        0.014094630966539018,
        0.010858331846951768,
        0.00013182467318466616,
        0.0002901896735764804,
        0.023466652923791763
    ]
}