{
    "dataset": "Muufl",
    "train_num": 20,
    "num_experiments": 10,
    "seeds": [
        1,
        2,
        3,
        4,
        5,
        6,
        7,
        8,
        9,
        10
    ],
    "OAs": [
        0.825187125748503,
        0.8472118263473054,
        0.8528443113772455,
        0.8348615269461078,
        0.8512350299401199,
        0.8592440119760479,
        0.8166916167664671,
        0.8197604790419162,
        0.8441616766467067,
        0.8376684131736528
    ],
    "AAs": [
        0.8507401180437728,
        0.8569132431470858,
        0.858857159419646,
        0.8581576182333884,
        0.8509879986430572,
        0.862370968080107,
        0.8413406285230206,
        0.83860973272647,
        0.8699190769716932,
        0.8574035332797929
    ],
    "Kappas": [
        0.7767431642918149,
        0.8032594923243928,
        0.8095346124022023,
        0.7886772610804694,
        0.8082824160516282,
        0.8179429267342235,
        0.7658561027044766,
        0.7700819052186715,
        0.8005492088395644,
        0.7911365483412374
    ],
    "EachAccs": [
        [
            0.8483165418065961,
            0.7383529411764705,
            0.6718157971436899,
            0.9094997189432266,
            0.8129593520323983,
            1.0,
            0.8698599186624492,
            0.9364951768488745,
            0.7582417582417582,
            0.852760736196319,
            0.9598393574297188
        ],
        [
            0.8840092999225007,
            0.8049411764705883,
            0.6817254444768289,
            0.8853288364249579,
            0.8456577171141443,
            1.0,
            0.8269317668323543,
            0.9273311897106109,
            0.736996336996337,
            0.8773006134969326,
            0.9558232931726907
        ],
        [
            0.8944286575389649,
            0.796,
            0.7368114252404547,
            0.866779089376054,
            0.7883605819709014,
            1.0,
            0.7754179846362403,
            0.9676848874598071,
            0.7274725274725274,
            0.9386503067484662,
            0.9558232931726907
        ],
        [
            0.8657538964953069,
            0.7545882352941178,
            0.6954240746138152,
            0.9370432827431141,
            0.7712614369281536,
            0.9932735426008967,
            0.956168097605061,
            0.9456591639871382,
            0.6527472527472526,
            0.9079754601226994,
            0.9598393574297188
        ],
        [
            0.8877981572375786,
            0.784,
            0.7129116875546488,
            0.8161888701517707,
            0.8429578521073947,
            1.0,
            0.9182105738816086,
            0.9254019292604503,
            0.7084249084249085,
            0.7730061349693251,
            0.9919678714859438
        ],
        [
            0.9017480409885473,
            0.8418823529411764,
            0.6742932089769746,
            0.8673412029229904,
            0.8749062546872657,
            1.0,
            0.8888386805241754,
            0.919935691318328,
            0.6336996336996337,
            0.8834355828220859,
            1.0
        ],
        [
            0.8544734349435977,
            0.8110588235294116,
            0.6683182745555232,
            0.9162450815064643,
            0.8516574171291436,
            1.0,
            0.8526886579304112,
            0.7673633440514469,
            0.7120879120879121,
            0.8650306748466258,
            0.9558232931726907
        ],
        [
            0.8515026263670025,
            0.7870588235294119,
            0.693238122996211,
            0.8516020236087691,
            0.7877606119694015,
            0.9955156950672646,
            0.9159511974694984,
            0.8763665594855305,
            0.6285714285714286,
            0.8773006134969326,
            0.9598393574297188
        ],
        [
            0.8657969516920693,
            0.7531764705882353,
            0.7557563392596911,
            0.893760539629005,
            0.7855107244637768,
            0.9977578475336323,
            0.9543605964753727,
            0.9458199356913183,
            0.6967032967032967,
            0.9325153374233127,
            0.9879518072289156
        ],
        [
            0.8864203909411866,
            0.6809411764705883,
            0.6920722821334888,
            0.9707700955593029,
            0.8173091345432728,
            0.9977578475336323,
            0.8951649344780841,
            0.8924437299035369,
            0.7252747252747253,
            0.8773006134969326,
            0.9959839357429717
        ]
    ],
    "Train_times": [
        12.314603300000002,
        9.5354697,
        9.532550700000002,
        11.171148299999999,
        11.15024230000001,
        10.037752400000002,
        9.5307404,
        9.583409099999997,
        9.951187899999994,
        9.864392100000003
    ],
    "Test_times": [
        1.824281299999999,
        1.8118728999999973,
        1.7919630000000026,
        1.9409095999999977,
        2.2354727999999966,
        1.8436054999999953,
        1.8271830999999992,
        1.8900849999999991,
        2.1206940999999944,
        1.8831933000000163
    ],
    "OA_mean": 0.8388866017964072,
    "OA_std": 0.013865958492805648,
    "AA_mean": 0.8545300077068034,
    "AA_std": 0.008935596473906621,
    "Kappa_mean": 0.7932063637988681,
    "Kappa_std": 0.016850491323126274,
    "Train_time_mean": 10.267149620000001,
    "Test_time_mean": 1.9169260599999998,
    "Avg_EachAcc": [
        0.8740247997933352,
        0.7752000000000001,
        0.6982366656951327,
        0.8914558740865655,
        0.8178341082945852,
        0.9984304932735426,
        0.8853592408495254,
        0.9104501607717042,
        0.6980219780219781,
        0.8785276073619632,
        0.9722891566265058
    ],
    "Std_EachAcc": [
        0.018205674470015188,
        0.04291847264427807,
        0.027426007509402682,
        0.042185076886899424,
        0.0328900584782232,
        0.002253335341058527,
        0.05357878573405371,
        0.053854537454071726,
        0.04251331980954341,
        0.04405232655464106,
        0.018000750868285134
    ]
}