{
    "dataset": "Houston",
    "train_num": 20,
    "num_experiments": 10,
    "seeds": [
        1,
        2,
        3,
        4,
        5,
        6,
        7,
        8,
        9,
        10
    ],
    "OAs": [
        0.9677309782608695,
        0.946671195652174,
        0.944429347826087,
        0.9496603260869566,
        0.9543478260869566,
        0.9533967391304347,
        0.9508831521739132,
        0.9605978260869565,
        0.9472826086956522,
        0.9248641304347827
    ],
    "AAs": [
        0.973732785727029,
        0.952549775508209,
        0.9532272644925622,
        0.9584037820721598,
        0.9631997890798466,
        0.9623037314186892,
        0.9596482266542828,
        0.9608450451102039,
        0.9557140127027454,
        0.9384008143007463
    ],
    "Kappas": [
        0.9651087300447523,
        0.9423325169395986,
        0.9399084830255123,
        0.9455672554288498,
        0.9506335440203522,
        0.9496113677335629,
        0.9468918941334191,
        0.957386941030027,
        0.9429975729734784,
        0.9187667850818751
    ],
    "EachAccs": [
        [
            0.9902518277822908,
            0.9967585089141004,
            0.9985228951255539,
            0.9893790849673203,
            1.0,
            1.0,
            0.9959935897435898,
            0.8900738310090239,
            0.8847402597402598,
            0.9577464788732394,
            0.9339388934764657,
            0.975267930750206,
            0.9933184855233853,
            1.0,
            1.0
        ],
        [
            0.9553208773354995,
            0.9943273905996759,
            0.9985228951255539,
            0.9975490196078431,
            1.0,
            0.9442622950819672,
            0.9246794871794873,
            0.8531583264971287,
            0.8547077922077922,
            0.9859154929577465,
            0.9661436829066887,
            0.8582028029678483,
            0.9554565701559021,
            1.0,
            1.0
        ],
        [
            0.8554021121039805,
            0.9927066450567261,
            0.9955686853766618,
            1.0,
            0.9950900163666121,
            0.99672131147541,
            0.969551282051282,
            0.8244462674323215,
            0.9066558441558441,
            0.9685169842584921,
            0.9248554913294798,
            0.9134377576257213,
            0.9554565701559021,
            1.0,
            1.0
        ],
        [
            0.9805036555645816,
            0.9846029173419774,
            1.0,
            0.9967320261437908,
            0.9909983633387889,
            1.0,
            0.9863782051282051,
            0.7752255947497949,
            0.8863636363636364,
            0.9809444904722452,
            0.9570602807597026,
            0.8639736191261336,
            0.9732739420935412,
            1.0,
            1.0
        ],
        [
            0.9187652315190902,
            0.9927066450567261,
            0.9970457902511078,
            0.9991830065359477,
            1.0,
            1.0,
            0.9511217948717949,
            0.9392945036915505,
            0.8011363636363636,
            1.0,
            0.9644921552436003,
            0.8887056883759274,
            0.9955456570155902,
            1.0,
            1.0
        ],
        [
            0.9951259138911455,
            0.9829821717990277,
            1.0,
            0.9754901960784313,
            1.0,
            0.99672131147541,
            0.9326923076923077,
            0.9310344827586207,
            0.9034090909090909,
            0.9295774647887324,
            0.966996699669967,
            0.8227535037098105,
            0.9977728285077951,
            1.0,
            1.0
        ],
        [
            0.9155158407798538,
            1.0,
            1.0,
            1.0,
            0.986088379705401,
            0.9868852459016394,
            0.9823717948717949,
            0.8269073010664479,
            0.8311688311688311,
            0.9826014913007457,
            0.9752270850536746,
            0.9150865622423743,
            0.9977728285077951,
            0.9950980392156863,
            1.0
        ],
        [
            0.9796913078797725,
            0.9740680713128039,
            1.0,
            1.0,
            1.0,
            0.8688524590163934,
            0.9487179487179486,
            0.9073010664479081,
            0.9212662337662337,
            0.980115990057995,
            0.9653179190751444,
            0.8911788953009069,
            0.977728285077951,
            1.0,
            0.9984375
        ],
        [
            0.9861900893582454,
            0.9951377633711506,
            0.9985228951255539,
            0.9419934640522876,
            1.0,
            0.9803278688524589,
            0.9407051282051282,
            0.9039408866995073,
            0.8717532467532467,
            0.9958574979287491,
            0.9298679867986799,
            0.8136850783182193,
            0.977728285077951,
            1.0,
            1.0
        ],
        [
            0.951259138911454,
            0.8954619124797406,
            0.9881831610044313,
            0.9991830065359477,
            1.0,
            1.0,
            0.9350961538461539,
            0.8630024610336341,
            0.8125,
            0.9113504556752278,
            0.9446738232865399,
            0.7980214344600165,
            0.9821826280623608,
            0.9950980392156863,
            1.0
        ]
    ],
    "Train_times": [
        30.9990296,
        26.734668399999997,
        25.596224899999996,
        27.770563200000012,
        26.379784599999994,
        25.925283000000007,
        24.9867883,
        24.78701129999999,
        24.9225093,
        24.778629599999988
    ],
    "Test_times": [
        0.9976610000000008,
        0.9842613,
        0.9710058999999944,
        0.8975805000000037,
        1.0199637999999993,
        0.8855413999999939,
        0.8880163000000039,
        0.9162377999999762,
        0.8991998999999851,
        0.8819386000000122
    ],
    "OA_mean": 0.9499864130434782,
    "OA_std": 0.010674013699937134,
    "AA_mean": 0.9578025227066475,
    "AA_std": 0.008634247080634838,
    "Kappa_mean": 0.9459205090411427,
    "Kappa_std": 0.011538877006879594,
    "Train_time_mean": 26.288049219999998,
    "Test_time_mean": 0.9341406499999969,
    "Avg_EachAcc": [
        0.9528025995125914,
        0.9808752025931928,
        0.9976366322008863,
        0.9899509803921568,
        0.9972176759410802,
        0.977377049180328,
        0.9567307692307692,
        0.8714384721385937,
        0.86737012987013,
        0.9692626346313175,
        0.9528574017599943,
        0.8740313272877163,
        0.9806236080178173,
        0.9990196078431375,
        0.9998437499999999
    ],
    "Std_EachAcc": [
        0.042241220387437224,
        0.02939810827235921,
        0.003445170986614666,
        0.017568399189790886,
        0.00470379962788868,
        0.03971004826679579,
        0.023807652610325473,
        0.049698566384487414,
        0.03911158684243211,
        0.02724607726996756,
        0.017095745129576383,
        0.05137792653539434,
        0.01520523758458641,
        0.0019607843137254832,
        0.00046875000000000665
    ]
}