{
    "dataset": "Houston",
    "train_num": 20,
    "num_experiments": 10,
    "seeds": [
        1,
        2,
        3,
        4,
        5,
        6,
        7,
        8,
        9,
        10
    ],
    "OAs": [
        0.9670516304347827,
        0.9436141304347827,
        0.9425951086956522,
        0.9492527173913043,
        0.9545516304347826,
        0.9546195652173914,
        0.9525815217391305,
        0.9599864130434783,
        0.9460597826086956,
        0.9273777173913044
    ],
    "AAs": [
        0.9728908867443515,
        0.9496509696159127,
        0.9518679467957684,
        0.9576151352750947,
        0.962832782592884,
        0.963060014776105,
        0.960910333221025,
        0.9603039619982262,
        0.9545352862410624,
        0.9391695734201037
    ],
    "Kappas": [
        0.9643736820496739,
        0.9390270912431113,
        0.9379250959264227,
        0.9451281556660027,
        0.9508538931940845,
        0.9509356675616041,
        0.9487252880112874,
        0.9567289187046347,
        0.9416784038682608,
        0.9214822308669147
    ],
    "EachAccs": [
        [
            0.9853777416734363,
            0.9724473257698542,
            1.0,
            0.9926470588235294,
            1.0,
            0.99672131147541,
            0.9967948717948718,
            0.8917145200984413,
            0.8993506493506493,
            0.9643744821872411,
            0.925681255161024,
            0.9793899422918383,
            0.9888641425389754,
            1.0,
            1.0
        ],
        [
            0.9536961819658814,
            0.9878444084278768,
            0.9985228951255539,
            0.9983660130718954,
            0.9991816693944354,
            0.9344262295081969,
            0.8966346153846154,
            0.8597210828547989,
            0.8490259740259741,
            0.980115990057995,
            0.9702725020644096,
            0.8615004122011541,
            0.9554565701559021,
            1.0,
            1.0
        ],
        [
            0.8554021121039805,
            0.9910858995137763,
            0.9985228951255539,
            0.9983660130718954,
            0.9991816693944354,
            0.99672131147541,
            0.967948717948718,
            0.7793273174733389,
            0.8952922077922078,
            0.9859154929577465,
            0.935590421139554,
            0.9192085737840066,
            0.9554565701559021,
            1.0,
            1.0
        ],
        [
            0.9805036555645816,
            0.9886547811993516,
            1.0,
            0.9991830065359477,
            0.9942716857610475,
            0.99672131147541,
            0.9791666666666665,
            0.7809680065627563,
            0.9042207792207794,
            0.9859154929577465,
            0.9397192402972749,
            0.8483099752679307,
            0.9665924276169265,
            1.0,
            1.0
        ],
        [
            0.9220146222583265,
            0.9975688816855753,
            0.9985228951255539,
            1.0,
            1.0,
            1.0,
            0.9391025641025641,
            0.92616899097621,
            0.8327922077922078,
            1.0,
            0.9702725020644096,
            0.8738664468260511,
            0.9821826280623608,
            1.0,
            1.0
        ],
        [
            0.9910641754670999,
            0.9813614262560777,
            1.0,
            0.9795751633986928,
            1.0,
            1.0,
            0.9407051282051282,
            0.8916256157635467,
            0.9253246753246753,
            0.9345484672742337,
            0.9645214521452146,
            0.8483099752679307,
            0.9888641425389754,
            1.0,
            1.0
        ],
        [
            0.9025182778229082,
            1.0,
            1.0,
            1.0,
            0.9959083469721768,
            0.9803278688524589,
            0.9719551282051282,
            0.8244462674323215,
            0.862012987012987,
            0.9892294946147473,
            0.9719240297274979,
            0.9175597691673538,
            0.9977728285077951,
            1.0,
            1.0
        ],
        [
            0.9796913078797725,
            0.9716369529983793,
            1.0,
            1.0,
            1.0,
            0.8688524590163934,
            0.9487179487179486,
            0.9089417555373257,
            0.924512987012987,
            0.9743164871582437,
            0.9735755573905862,
            0.8788128606760099,
            0.9755011135857461,
            1.0,
            1.0
        ],
        [
            0.9967506092607636,
            0.9821717990275528,
            0.9985228951255539,
            0.9419934640522876,
            1.0,
            0.9803278688524589,
            0.9286858974358975,
            0.9022988505747126,
            0.8709415584415584,
            0.9908864954432477,
            0.9323432343234324,
            0.8202802967848309,
            0.977728285077951,
            0.9950980392156863,
            1.0
        ],
        [
            0.9610073111291633,
            0.8946515397082657,
            0.9926144756277696,
            1.0,
            1.0,
            0.9672131147540983,
            0.9439102564102564,
            0.8547990155865464,
            0.8311688311688311,
            0.9196354598177298,
            0.9496284062758051,
            0.7889530090684254,
            0.9888641425389754,
            0.9950980392156863,
            1.0
        ]
    ],
    "Train_times": [
        27.958573200000004,
        24.3868862,
        24.703554600000004,
        24.742769100000018,
        24.227082500000023,
        24.32739090000001,
        26.22425290000001,
        26.858833900000008,
        24.45798830000001,
        24.905770299999972
    ],
    "Test_times": [
        0.8849468000000016,
        0.8846609000000001,
        0.9050557999999995,
        0.8416856999999993,
        0.9051024000000041,
        0.8922785000000033,
        0.9718434000000116,
        0.8549984999999936,
        0.8490645999999629,
        0.8730146000000332
    ],
    "OA_mean": 0.9497690217391304,
    "OA_std": 0.010306008797980222,
    "AA_mean": 0.9572836890680534,
    "AA_std": 0.008679810045816977,
    "Kappa_mean": 0.9456858427091996,
    "Kappa_std": 0.01114201987982198,
    "Train_time_mean": 25.279310190000007,
    "Test_time_mean": 0.8862651200000009,
    "Avg_EachAcc": [
        0.9528025995125914,
        0.9767423014586709,
        0.9986706056129986,
        0.9910130718954248,
        0.9988543371522095,
        0.9721311475409837,
        0.9513621794871796,
        0.8620011422859999,
        0.8794642857142856,
        0.9724937862468931,
        0.953352860058921,
        0.8736191261335531,
        0.9777282850779511,
        0.9990196078431375,
        1.0
    ],
    "Std_EachAcc": [
        0.0435640334073255,
        0.0287746243500347,
        0.0021354257451699976,
        0.017419404249579544,
        0.0019434275101534908,
        0.039514658338340836,
        0.027151640647035888,
        0.04957227233109814,
        0.033475132087737156,
        0.02469098040994651,
        0.017814335019662116,
        0.05163819419939136,
        0.013837171106466805,
        0.0019607843137254832,
        0.0
    ]
}