{
    "dataset": "Muufl",
    "train_num": 20,
    "num_experiments": 10,
    "seeds": [
        1,
        2,
        3,
        4,
        5,
        6,
        7,
        8,
        9,
        10
    ],
    "OAs": [
        0.8437125748502994,
        0.8526197604790419,
        0.8657747005988025,
        0.8419723053892215,
        0.854809131736527,
        0.8668226047904192,
        0.8491392215568863,
        0.834562125748503,
        0.8396332335329342,
        0.8505239520958083
    ],
    "AAs": [
        0.8563480767134247,
        0.8516014794766634,
        0.8656811177688314,
        0.8591737456329205,
        0.8498818815814009,
        0.8649952776050227,
        0.863111013879799,
        0.8469380608830701,
        0.865878318561312,
        0.8629909189656125
    ],
    "Kappas": [
        0.7991457985065665,
        0.8099836848519,
        0.8254988559595682,
        0.7974632159733364,
        0.8129970852399778,
        0.8275048641979975,
        0.8060912391505566,
        0.7882409363740703,
        0.795341650833181,
        0.8070387056949297
    ],
    "EachAccs": [
        [
            0.8724274519934556,
            0.7861176470588235,
            0.6977557563392597,
            0.8611579539066893,
            0.8228588570571472,
            0.9977578475336323,
            0.8540442837776774,
            0.9493569131832796,
            0.7780219780219781,
            0.8404907975460122,
            0.9598393574297188
        ],
        [
            0.8843537414965986,
            0.8167058823529412,
            0.7012532789274263,
            0.8768971332209107,
            0.8531573421328935,
            1.0,
            0.8174423859014912,
            0.9543408360128616,
            0.6813186813186813,
            0.834355828220859,
            0.9477911646586346
        ],
        [
            0.9049341255489538,
            0.8037647058823529,
            0.7366656951326144,
            0.9005059021922428,
            0.8359082045897704,
            1.0,
            0.7650248531405333,
            0.9771704180064309,
            0.7326007326007326,
            0.9141104294478528,
            0.9518072289156626
        ],
        [
            0.868164987513993,
            0.7301176470588235,
            0.7375400757796561,
            0.9331084879145587,
            0.7988600569971501,
            0.9618834080717488,
            0.9480343425214641,
            0.9454983922829583,
            0.6476190476190475,
            0.9202453987730062,
            0.9598393574297188
        ],
        [
            0.8803065530009472,
            0.7432941176470588,
            0.7719323812299621,
            0.7976391231028669,
            0.8555572221388931,
            1.0,
            0.9005874378671487,
            0.9501607717041801,
            0.6842490842490843,
            0.7730061349693251,
            0.9919678714859438
        ],
        [
            0.9088521484543183,
            0.8795294117647059,
            0.6779364616729816,
            0.8560989319842608,
            0.8692065396730163,
            0.9977578475336323,
            0.8734749209218254,
            0.9416398713826366,
            0.6454212454212453,
            0.8650306748466258,
            1.0
        ],
        [
            0.8769913028502541,
            0.8075294117647058,
            0.6742932089769746,
            0.9005059021922428,
            0.8485075746212689,
            1.0,
            0.8269317668323543,
            0.9680064308681672,
            0.73992673992674,
            0.8957055214723927,
            0.9558232931726907
        ],
        [
            0.8555067596658916,
            0.7821176470588236,
            0.7057709122704751,
            0.83867341202923,
            0.8096595170241488,
            1.0,
            0.8843199276999549,
            0.9617363344051448,
            0.6659340659340658,
            0.852760736196319,
            0.9598393574297188
        ],
        [
            0.8512012399896668,
            0.7757647058823529,
            0.7337510929758088,
            0.8780213603147835,
            0.8093595320233988,
            1.0,
            0.9439674649796657,
            0.9516077170418007,
            0.7091575091575092,
            0.9079754601226994,
            0.963855421686747
        ],
        [
            0.8953758718677345,
            0.707764705882353,
            0.6935295832118916,
            0.9516582349634626,
            0.8381580920953953,
            1.0,
            0.8730230456394036,
            0.9464630225080386,
            0.6952380952380952,
            0.8957055214723927,
            0.9959839357429717
        ]
    ],
    "Train_times": [
        21.0051559,
        19.270068300000005,
        18.99050050000001,
        18.555411199999995,
        18.533067200000005,
        18.5941586,
        23.225551200000012,
        18.7891037,
        21.010957699999977,
        19.862767899999994
    ],
    "Test_times": [
        3.305578299999997,
        3.4875783999999967,
        3.3080870999999945,
        3.290688799999998,
        3.2966676000000064,
        3.6492154000000028,
        3.721778900000004,
        3.354333099999991,
        3.747065499999991,
        3.36550969999999
    ],
    "OA_mean": 0.8499569610778444,
    "OA_std": 0.010062814963749788,
    "AA_mean": 0.8586599891068059,
    "AA_std": 0.0067081681480225365,
    "Kappa_mean": 0.8069306036782085,
    "Kappa_std": 0.01203645306669508,
    "Train_time_mean": 19.783674219999998,
    "Test_time_mean": 3.4526502799999976,
    "Avg_EachAcc": [
        0.8798114182381814,
        0.783270588235294,
        0.7130428446517051,
        0.8794266441821248,
        0.8341232938353084,
        0.9957399103139014,
        0.8686850429281519,
        0.9545980707395497,
        0.6979487179487179,
        0.8699386503067486,
        0.9686746987951806
    ],
    "Std_EachAcc": [
        0.01828939199251331,
        0.046456909379184314,
        0.029317728693100863,
        0.04268973913511889,
        0.022047719011121895,
        0.011320094673869395,
        0.05347584574223307,
        0.010551377252055755,
        0.040359651899254265,
        0.04370923467621321,
        0.01847389558232931
    ]
}