{
    "dataset": "Trento",
    "train_num": 20,
    "num_experiments": 10,
    "seeds": [
        1,
        2,
        3,
        4,
        5,
        6,
        7,
        8,
        9,
        10
    ],
    "OAs": [
        0.9959773936170212,
        0.9964760638297873,
        0.9940492021276596,
        0.9932180851063831,
        0.996875,
        0.9923537234042553,
        0.9947473404255319,
        0.994780585106383,
        0.994847074468085,
        0.9936502659574468
    ],
    "AAs": [
        0.9886859295452965,
        0.99074743399708,
        0.9870763978952636,
        0.9862588295923654,
        0.9953957840539777,
        0.9867586315006498,
        0.9883070404779885,
        0.9885101556555456,
        0.9918672636621538,
        0.9896722543065395
    ],
    "Kappas": [
        0.9946269516003823,
        0.9952940971718753,
        0.9920547784564812,
        0.9909451800293705,
        0.9958281069584423,
        0.9897930347627322,
        0.9929860699882433,
        0.9930311639760877,
        0.9931205694235006,
        0.9915234938863164
    ],
    "EachAccs": [
        [
            1.0,
            0.981938172976728,
            0.9673202614379085,
            1.0,
            1.0,
            0.9828571428571429
        ],
        [
            0.9987543597409069,
            0.9798541160125044,
            0.9760348583877996,
            1.0,
            1.0,
            0.9898412698412699
        ],
        [
            1.0,
            0.9878430010420286,
            0.9738562091503268,
            1.0,
            0.9988544152744631,
            0.9619047619047619
        ],
        [
            0.9967613353263577,
            0.9927058006252171,
            0.9782135076252723,
            1.0,
            0.9997136038186157,
            0.9501587301587303
        ],
        [
            0.9975087194818137,
            0.9920111149704759,
            1.0,
            1.0,
            0.9990453460620526,
            0.9838095238095238
        ],
        [
            0.9970104633781763,
            0.9593608891976381,
            0.9891067538126361,
            1.0,
            0.9976133651551312,
            0.9774603174603175
        ],
        [
            0.9977578475336323,
            0.9767280305661689,
            0.9782135076252723,
            1.0,
            1.0,
            0.9771428571428571
        ],
        [
            0.9942700548081714,
            0.9951372004168114,
            0.9760348583877996,
            1.0,
            0.9999045346062051,
            0.9657142857142857
        ],
        [
            0.9997508719481814,
            0.9833275442862104,
            1.0,
            1.0,
            0.999236276849642,
            0.9688888888888889
        ],
        [
            0.9970104633781763,
            0.9749913164293157,
            1.0,
            1.0,
            1.0,
            0.9660317460317461
        ]
    ],
    "Train_times": [
        8.4572032,
        7.423136100000001,
        7.516321199999997,
        7.275612699999996,
        7.2224632,
        7.232430700000002,
        7.340237299999998,
        7.5336308999999915,
        7.310170499999998,
        7.313720700000005
    ],
    "Test_times": [
        2.0924341,
        2.0374966000000008,
        2.2316333999999998,
        1.9652084999999957,
        2.0042709000000016,
        1.9654397000000046,
        2.0589504999999946,
        2.0881306999999936,
        1.9835886000000045,
        2.065597600000004
    ],
    "OA_mean": 0.9946974734042554,
    "OA_std": 0.0013701689444826852,
    "AA_mean": 0.989327972068686,
    "AA_std": 0.0026194240371545017,
    "Kappa_mean": 0.9929203446253432,
    "Kappa_std": 0.0018286803975709057,
    "Train_time_mean": 7.462492649999999,
    "Test_time_mean": 2.0492750600000003,
    "Avg_EachAcc": [
        0.9978824115595415,
        0.98238971865231,
        0.9838779956427015,
        1.0,
        0.9994367541766109,
        0.9723809523809525
    ],
    "Std_EachAcc": [
        0.0017088441095807197,
        0.010078988734964028,
        0.011699975234943405,
        0.0,
        0.000736322298740751,
        0.011376424239217111
    ]
}