{
    "dataset": "Houston",
    "train_num": 20,
    "num_experiments": 10,
    "seeds": [
        1,
        2,
        3,
        4,
        5,
        6,
        7,
        8,
        9,
        10
    ],
    "OAs": [
        0.9691576086956522,
        0.9451766304347826,
        0.9453804347826087,
        0.9509510869565218,
        0.9523097826086956,
        0.9493206521739129,
        0.9506114130434783,
        0.9633152173913043,
        0.9483016304347827,
        0.9228940217391305
    ],
    "AAs": [
        0.9744712270934691,
        0.9510620799552058,
        0.9539985628088848,
        0.9587886105937017,
        0.961530937417505,
        0.9591013744475292,
        0.9590607503453819,
        0.9630826016154944,
        0.9564223335797114,
        0.9356238759297988
    ],
    "Kappas": [
        0.9666511854461423,
        0.9407155637799894,
        0.9409410779103617,
        0.946962328952932,
        0.9484292169937624,
        0.9452149938512348,
        0.9465969405052748,
        0.960326233279013,
        0.9441002857018772,
        0.91663369295166
    ],
    "EachAccs": [
        [
            0.991876523151909,
            0.9959481361426257,
            1.0,
            0.9689542483660131,
            1.0,
            0.99672131147541,
            0.9927884615384616,
            0.911402789171452,
            0.9115259740259741,
            0.9693454846727423,
            0.9182493806771264,
            0.9736191261335532,
            0.9866369710467705,
            1.0,
            1.0
        ],
        [
            0.9545085296506904,
            0.9951377633711506,
            0.9985228951255539,
            0.9983660130718954,
            1.0,
            0.9377049180327869,
            0.8878205128205127,
            0.8695652173913043,
            0.8676948051948052,
            0.980115990057995,
            0.9595375722543352,
            0.8615004122011541,
            0.9554565701559021,
            1.0,
            1.0
        ],
        [
            0.8545897644191714,
            0.993517017828201,
            0.9955686853766618,
            1.0,
            0.9991816693944354,
            0.99672131147541,
            0.9591346153846154,
            0.8400328137817884,
            0.9188311688311689,
            0.980115990057995,
            0.9066886870355079,
            0.9101401483924155,
            0.9554565701559021,
            1.0,
            1.0
        ],
        [
            0.9805036555645816,
            0.9854132901134521,
            1.0,
            0.9991830065359477,
            0.9942716857610475,
            1.0,
            0.983974358974359,
            0.7949138638228057,
            0.8831168831168832,
            0.975973487986744,
            0.9512799339388934,
            0.875515251442704,
            0.957683741648107,
            1.0,
            1.0
        ],
        [
            0.9138911454102356,
            0.9943273905996759,
            0.9985228951255539,
            0.9991830065359477,
            1.0,
            1.0,
            0.936698717948718,
            0.9343724364232977,
            0.8035714285714286,
            1.0,
            0.9661436829066887,
            0.8829348722176422,
            0.9933184855233853,
            1.0,
            1.0
        ],
        [
            1.0,
            0.9854132901134521,
            1.0,
            0.9436274509803921,
            1.0,
            1.0,
            0.9270833333333335,
            0.9146141215106732,
            0.9050324675324676,
            0.9295774647887324,
            0.9653465346534653,
            0.8202802967848309,
            0.9955456570155902,
            1.0,
            1.0
        ],
        [
            0.9130787977254264,
            1.0,
            1.0,
            1.0,
            0.9844517184942717,
            0.9770491803278688,
            0.9719551282051282,
            0.8121410992616899,
            0.8457792207792206,
            0.9884009942004971,
            0.9752270850536746,
            0.9225061830173125,
            0.9977728285077951,
            0.9975490196078431,
            1.0
        ],
        [
            0.974817221770918,
            0.9764991896272285,
            1.0,
            1.0,
            1.0,
            0.8688524590163934,
            0.9559294871794873,
            0.8941755537325676,
            0.9285714285714286,
            0.9958574979287491,
            0.9644921552436003,
            0.909315746084089,
            0.977728285077951,
            1.0,
            1.0
        ],
        [
            0.9829406986190089,
            0.9967585089141004,
            0.9985228951255539,
            0.9419934640522876,
            1.0,
            0.9803278688524589,
            0.936698717948718,
            0.9022988505747126,
            0.8741883116883116,
            0.9966859983429992,
            0.9306930693069307,
            0.8301731244847486,
            0.9799554565701559,
            0.9950980392156863,
            1.0
        ],
        [
            0.9398862713241267,
            0.8970826580226904,
            0.9852289512555391,
            1.0,
            1.0,
            0.9868852459016394,
            0.9334935897435898,
            0.8539786710418376,
            0.8189935064935063,
            0.9204639602319802,
            0.9438480594549958,
            0.7881286067600989,
            0.9688195991091314,
            0.9975490196078431,
            1.0
        ]
    ],
    "Train_times": [
        27.6309138,
        24.6107729,
        24.5016643,
        24.4155693,
        24.757220899999993,
        24.037886299999997,
        23.773544700000002,
        23.950243200000017,
        23.838809999999967,
        23.978194299999984
    ],
    "Test_times": [
        0.8622333999999938,
        0.8634739999999965,
        0.8668573000000066,
        0.8620025999999825,
        0.8496948000000089,
        0.8429825999999991,
        0.8150319000000081,
        0.8339515999999776,
        0.8443369999999959,
        0.8419545999999514
    ],
    "OA_mean": 0.9497418478260871,
    "OA_std": 0.011545307941152919,
    "AA_mean": 0.9573142353786682,
    "AA_std": 0.009355133705899818,
    "Kappa_mean": 0.9456571519372247,
    "Kappa_std": 0.012481360423188287,
    "Train_time_mean": 24.549481969999995,
    "Test_time_mean": 0.848251979999992,
    "Avg_EachAcc": [
        0.9506092607636069,
        0.9820097244732576,
        0.9976366322008863,
        0.9851307189542483,
        0.9977905073649754,
        0.9744262295081969,
        0.9485576923076922,
        0.8727495416712129,
        0.8757305194805195,
        0.9736536868268434,
        0.9481506160525219,
        0.8774113767518548,
        0.9768374164810691,
        0.9990196078431373,
        1.0
    ],
    "Std_EachAcc": [
        0.04332913602573199,
        0.029082787364111344,
        0.004341783886764874,
        0.023020666523554188,
        0.004758295175157644,
        0.03955680296880179,
        0.02929625691053017,
        0.04420517981088651,
        0.04029188403126624,
        0.02610446909540848,
        0.021669194531557547,
        0.05208898419813031,
        0.015848950445128858,
        0.0016257964658604844,
        0.0
    ]
}